page,date_raw,start,end,name,location,state,region,circuits,action,detail_url,fetched_at
1,"Sep 2 - Oct 17, 2026",,,AZ Division Junior Olympic Qualifier Happening now!,"Phoenix, AZ",AZ,4,Local,View,https://member.usfencing.org/details/tournaments/12976,2026-10-06T03:42:39.268066Z
1,"Sep 2, 2026 - Mar 20, 2027",2026-09-02,2026-09-02,Fence Like A Girl Happening now!,"Phoenix, AZ",AZ,4,Local,View,https://member.usfencing.org/details/tournaments/12975,2026-10-06T03:42:39.268156Z
1,"Oct 5, 2026",2026-10-05,2026-10-05,Manic Monday - Foil Happening now!,"Lincoln, NE",NE,2,Local,View,https://member.usfencing.org/details/tournaments/13089,2026-10-06T03:42:39.268211Z
1,"Oct 7, 2026",2026-10-07,2026-10-07,NJFA - Div. 3 and Y8-Y14 Saber Tournament begins in 2 days.,"Maplewood, NJ",NJ,5,Local,See Preview,https://member.usfencing.org/details/tournaments/13048,2026-10-06T03:42:39.268259Z
1,"Oct 8, 2026",2026-10-08,2026-10-08,Bozeman Tournament Oct 8th Tournament begins in 3 days.,"Bozeman, MT",MT,1,Local,See Preview,https://member.usfencing.org/details/tournaments/13190,2026-10-06T03:42:39.268305Z
1,"Oct 8, 2026",2026-10-08,2026-10-08,"Non-Designated FIE Cadet World Cup - Indiv, Men’s Epee Tournament begins in 3 days.","Hong Kong, Hong Kong",,,Local,See Preview,https://member.usfencing.org/details/tournaments/12779,2026-10-06T03:42:39.268352Z
1,"Oct 8, 2026",2026-10-08,2026-10-08,"Non-Designated FIE Cadet World Cup - Indiv, Men’s Foil Tournament begins in 3 days.","Lima, Peru",,,Local,See Preview,https://member.usfencing.org/details/tournaments/12780,2026-10-06T03:42:39.268410Z
1,"Oct 8, 2026",2026-10-08,2026-10-08,"Non-Designated FIE Cadet World Cup - Indiv, Men’s Saber Tournament begins in 3 days.","Tashkent, Uzbekistan",,,Local,See Preview,https://member.usfencing.org/details/tournaments/12781,2026-10-06T03:42:39.268460Z
1,"Oct 8, 2026",2026-10-08,2026-10-08,"Non-Designated FIE Cadet World Cup - Indiv, Women’s Epee Tournament begins in 3 days.","Hong Kong, Hong Kong",,,Local,See Preview,https://member.usfencing.org/details/tournaments/12798,2026-10-06T03:42:39.268503Z
1,"Oct 8, 2026",2026-10-08,2026-10-08,"Non-Designated FIE Cadet World Cup - Indiv, Women’s Foil Tournament begins in 3 days.","Lima, Peru",,,Local,See Preview,https://member.usfencing.org/details/tournaments/12799,2026-10-06T03:42:39.268545Z
1,"Oct 8, 2026",2026-10-08,2026-10-08,"Non-Designated FIE Cadet World Cup - Indiv, Women’s Saber Tournament begins in 3 days.","Tashkent, Uzbekistan",,,Local,See Preview,https://member.usfencing.org/details/tournaments/12800,2026-10-06T03:42:39.268585Z
1,"Oct 9, 2026",2026-10-09,2026-10-09,Friday Night Fencing Tournament begins in 4 days.,"Noblesville, IN",IN,3,Local,See Preview,https://member.usfencing.org/details/tournaments/12537,2026-10-06T03:42:39.268624Z
1,"Oct 9, 2026",2026-10-09,2026-10-09,Friday Night Fight - Foil Tournament begins in 4 days.,"Lemoyne, PA",PA,5,Local,See Preview,https://member.usfencing.org/details/tournaments/13103,2026-10-06T03:42:39.268667Z
1,"Oct 9, 2026",2026-10-09,2026-10-09,"Non-Designated FIE Junior World Cup - Indiv, Men’s Foil Tournament begins in 4 days.","Lima, Peru",,,Local,See Preview,https://member.usfencing.org/details/tournaments/12816,2026-10-06T03:42:39.268708Z
1,"Oct 9, 2026",2026-10-09,2026-10-09,"Non-Designated FIE Junior World Cup - Indiv, Men’s Saber Tournament begins in 4 days.","Tashkent, Uzbekistan",,,Local,See Preview,https://member.usfencing.org/details/tournaments/12822,2026-10-06T03:42:39.268746Z
1,"Oct 9, 2026",2026-10-09,2026-10-09,"Non-Designated FIE Junior World Cup - Indiv, Women’s Epee Tournament begins in 4 days.","Hong Kong, Hong Kong",,,Local,See Preview,https://member.usfencing.org/details/tournaments/12832,2026-10-06T03:42:39.268811Z
1,"Oct 9 - 12, 2026",2026-10-09,2026-10-12,October NAC Late registration closes 2 days from now.,"Orange County Convention Center Orlando, FL",FL,3,NAC,Register Now!,https://member.usfencing.org/details/tournaments/12312,2026-10-06T03:42:39.268854Z
1,"Oct 10, 2026",2026-10-10,2026-10-10,2026 Fall Folliage Classic Tournament begins in 5 days.,"Burlington, VT",VT,6,Local,See Preview,https://member.usfencing.org/details/tournaments/13339,2026-10-06T03:42:39.268899Z
1,"Oct 10, 2026",2026-10-10,2026-10-10,FCMC Senior Div2 Sabre Tournament begins in 5 days.,"Robbinsville, NJ",NJ,5,Local,See Preview,https://member.usfencing.org/details/tournaments/12550,2026-10-06T03:42:39.268944Z
1,"Oct 10, 2026",2026-10-10,2026-10-10,MARS Fencing Unrated Three Weapon Tournament Tournament begins in 5 days.,"Kenosha, WI",WI,2,Local,See Preview,https://member.usfencing.org/details/tournaments/13409,2026-10-06T03:42:39.268987Z
1,"Haubry, Jessica",,,,Nebr-S.Dak,,,Local,LFC,,2026-10-06T03:42:39.269019Z
2,"Oct 10, 2026",2026-10-10,2026-10-10,"Non-Designated EFC Cadet Event - Indiv, Men’s Foil Tournament begins in 5 days.","Warsaw, Poland",,,Local,See Preview,https://member.usfencing.org/details/tournaments/12747,2026-10-06T03:42:40.625751Z
2,"Oct 10, 2026",2026-10-10,2026-10-10,"Non-Designated FIE Junior World Cup - Indiv, Men’s Epee Tournament begins in 5 days.","Hong Kong, Hong Kong",,,Local,See Preview,https://member.usfencing.org/details/tournaments/12821,2026-10-06T03:42:40.625841Z
2,"Oct 10, 2026",2026-10-10,2026-10-10,"Non-Designated FIE Junior World Cup - Indiv, Women’s Foil Tournament begins in 5 days.","Lima, Peru",,,Local,See Preview,https://member.usfencing.org/details/tournaments/12817,2026-10-06T03:42:40.625902Z
2,"Oct 10, 2026",2026-10-10,2026-10-10,"Non-Designated FIE Junior World Cup - Indiv, Women’s Saber Tournament begins in 5 days.","Tashkent, Uzbekistan",,,Local,See Preview,https://member.usfencing.org/details/tournaments/12833,2026-10-06T03:42:40.625946Z
2,"Oct 10, 2026",2026-10-10,2026-10-10,Salle De Long Two Blades - October Tournament begins in 5 days.,"El Paso, TX",TX,2,Local,See Preview,https://member.usfencing.org/details/tournaments/12983,2026-10-06T03:42:40.625988Z
2,"Oct 10, 2026",2026-10-10,2026-10-10,Saturday Exchange - Foil Tournament begins in 5 days.,"Lemoyne, PA",PA,5,Local,See Preview,https://member.usfencing.org/details/tournaments/13104,2026-10-06T03:42:40.626027Z
2,"Oct 10, 2026",2026-10-10,2026-10-10,Turkeys and Dragons Tournament begins in 5 days.,"Katy, TX",TX,2,Local,See Preview,https://member.usfencing.org/details/tournaments/13072,2026-10-06T03:42:40.626066Z
2,"Oct 10 - 11, 2026",2026-10-10,2026-10-11,Wizard Open Tournament begins in 5 days.,"Gibsonia, PA",PA,5,Local,See Preview,https://member.usfencing.org/details/tournaments/12911,2026-10-06T03:42:40.626106Z
2,"Oct 11, 2026",2026-10-11,2026-10-11,Artdu Fencing Juniors/Cadets/Senior Open Epee Tournament begins in 6 days.,"Springfield, NJ",NJ,5,Local,See Preview,https://member.usfencing.org/details/tournaments/13135,2026-10-06T03:42:40.626145Z
2,"Oct 11, 2026",2026-10-11,2026-10-11,Atlantic Fencing Academy Veteran Epee/Sabre Tournament begins in 6 days.,"Tinton Falls, NJ",NJ,5,Local,See Preview,https://member.usfencing.org/details/tournaments/12947,2026-10-06T03:42:40.626183Z
2,"Oct 11, 2026",2026-10-11,2026-10-11,Details for Y10/Y12/Y14 Youth Challenge #3 at Medeo Tournament begins in 6 days.,"Scotch Plains, NJ",NJ,5,Local,See Preview,https://member.usfencing.org/details/tournaments/12943,2026-10-06T03:42:40.626220Z
2,"Oct 11, 2026",2026-10-11,2026-10-11,DIV II Tournament begins in 6 days.,,,,Local,See Preview,https://member.usfencing.org/details/tournaments/12545,2026-10-06T03:42:40.626258Z
2,"Oct 11, 2026",2026-10-11,2026-10-11,FAOP North Youth Foil Tournament begins in 6 days.,"Wyncote, PA",PA,5,Local,See Preview,https://member.usfencing.org/details/tournaments/13221,2026-10-06T03:42:40.626303Z
2,"Oct 11, 2026",2026-10-11,2026-10-11,Manchen Saber Open and Saber E & Under Tournament begins in 6 days.,"Whitehouse Station, NJ",NJ,5,Local,See Preview,https://member.usfencing.org/details/tournaments/12525,2026-10-06T03:42:40.626346Z
2,"Oct 11, 2026",2026-10-11,2026-10-11,Pumpkin Youth Tournament begins in 6 days.,"Iowa City, IA",IA,2,Local,See Preview,https://member.usfencing.org/details/tournaments/13069,2026-10-06T03:42:40.626384Z
2,"Oct 13, 2026",2026-10-13,2026-10-13,NJFA - Div. 3 and Y8-Y14 Epee Registration periods have not been set.,"Maplewood, NJ",NJ,5,Local,View Details,https://member.usfencing.org/details/tournaments/13049,2026-10-06T03:42:40.626421Z
2,"Oct 14, 2026",2026-10-14,2026-10-14,NJFA - Div. 3 and Y8-Y14 Saber Registration periods have not been set.,"Maplewood, NJ",NJ,5,Local,View Details,https://member.usfencing.org/details/tournaments/13050,2026-10-06T03:42:40.626460Z
2,"Oct 15, 2026",2026-10-15,2026-10-15,Bozeman Tournament Oct 15th Registration periods have not been set.,"Bozeman, MT",MT,1,Local,View Details,https://member.usfencing.org/details/tournaments/13191,2026-10-06T03:42:40.626502Z
2,"Oct 15 - 18, 2026",2026-10-15,2026-10-18,"Designated FIE Senior World Cup - Indiv & Team, Men’s Epee - Casablanca Registration closed on Sep 29","Casablanca, Morocco",,,Local,See Preview,https://member.usfencing.org/details/tournaments/12693,2026-10-06T03:42:40.626542Z
2,"Oct 15 - 18, 2026",2026-10-15,2026-10-18,"Designated FIE Senior World Cup - Indiv & Team, Men’s Foil - Takamatsu Registration closed on Sep 29","Takamatsu City, Japan",,,Local,See Preview,https://member.usfencing.org/details/tournaments/12694,2026-10-06T03:42:40.626585Z
3,"Oct 15 - 18, 2026",2026-10-15,2026-10-18,"Designated FIE Senior World Cup - Indiv & Team, Men’s Saber - Oran Registration closed on Sep 29","Oran, Algeria",,,Local,See Preview,https://member.usfencing.org/details/tournaments/12695,2026-10-06T03:42:41.519420Z
3,"Oct 15 - 18, 2026",2026-10-15,2026-10-18,"Designated FIE Senior World Cup - Indiv & Team, Women’s Saber - Oran Registration closed on Sep 29","Oran, Algeria",,,Local,See Preview,https://member.usfencing.org/details/tournaments/12698,2026-10-06T03:42:41.519481Z
3,"Oct 16, 2026",2026-10-16,2026-10-16,Freehold Fencing - October E & Under Foil Registration periods have not been set.,"Freehold, NJ",NJ,5,Local,View Details,https://member.usfencing.org/details/tournaments/12482,2026-10-06T03:42:41.519527Z
3,"Oct 16, 2026",2026-10-16,2026-10-16,Friday Night Fight - Epee Registration periods have not been set.,"Lemoyne, PA",PA,5,Local,View Details,https://member.usfencing.org/details/tournaments/13105,2026-10-06T03:42:41.519570Z
3,"Oct 16, 2026",2026-10-16,2026-10-16,"Non-Designated EFC Cadet Event - Indiv, Women’s Foil Registration closed on Sep 15","Samorin, Slovakia",,,Local,See Preview,https://member.usfencing.org/details/tournaments/12761,2026-10-06T03:42:41.519613Z
3,"Oct 16, 2026",2026-10-16,2026-10-16,Tim Morehouse Cup Senior Open Registration periods have not been set.,"New York, NY",NY,5,Local,View Details,https://member.usfencing.org/details/tournaments/13267,2026-10-06T03:42:41.519654Z
3,"Oct 16, 2026",2026-10-16,2026-10-16,TMFC Junior and Cadet Cup Registration periods have not been set.,"New York, NY",NY,5,Local,View Details,https://member.usfencing.org/details/tournaments/13340,2026-10-06T03:42:41.519692Z
3,"Oct 16 - 18, 2026",2026-10-16,2026-10-18,"Designated FIE Senior World Cup - Indiv & Team, Women’s Epee - Casablanca Registration closed on Sep 29","Casablanca, Morocco",,,Local,See Preview,https://member.usfencing.org/details/tournaments/12696,2026-10-06T03:42:41.519733Z
3,"Oct 16 - 18, 2026",2026-10-16,2026-10-18,"Designated FIE Senior World Cup - Indiv & Team, Women’s Foil - Takamatsu Registration closed on Sep 29","Takamatsu City, Japan",,,Local,See Preview,https://member.usfencing.org/details/tournaments/12697,2026-10-06T03:42:41.519796Z
3,"Oct 16 - 18, 2026",2026-10-16,2026-10-18,Rain City Fall RJCC+Div II ROC Late registration closes on Oct 15.,"Rain City Fencing Center Bellevue, WA",WA,1,"RJCC,ROC",Register Now!,https://member.usfencing.org/details/tournaments/12089,2026-10-06T03:42:41.519843Z
3,"Oct 17, 2026",2026-10-17,2026-10-17,Durkan Sabre Youth Cup #1 Registration periods have not been set.,"Ridgewood, NJ",NJ,5,Local,View Details,https://member.usfencing.org/details/tournaments/13300,2026-10-06T03:42:41.519883Z
3,"Oct 17, 2026",2026-10-17,2026-10-17,Fall Color Duel Registration periods have not been set.,"Traverse City, MI",MI,3,Local,View Details,https://member.usfencing.org/details/tournaments/13353,2026-10-06T03:42:41.519926Z
3,"Oct 17, 2026",2026-10-17,2026-10-17,FAOP North Women's Unrated Foil Registration periods have not been set.,"Wyncote, PA",PA,5,Local,View Details,https://member.usfencing.org/details/tournaments/13222,2026-10-06T03:42:41.519965Z
3,"Oct 17, 2026",2026-10-17,2026-10-17,FCMC Senior Unrated Epee Registration periods have not been set.,"Robbinsville, NJ",NJ,5,Local,View Details,https://member.usfencing.org/details/tournaments/12560,2026-10-06T03:42:41.520003Z
3,"Oct 17, 2026",2026-10-17,2026-10-17,KS Division JO Qualifier Registration periods have not been set.,"Overland Park, KS",KS,2,Local,View Details,https://member.usfencing.org/details/tournaments/13335,2026-10-06T03:42:41.520040Z
3,"Oct 17, 2026",2026-10-17,2026-10-17,LA Div: 3 Weapon Open w E & U Foil Registration periods have not been set.,"Metairie, LA",LA,2,Local,View Details,https://member.usfencing.org/details/tournaments/12445,2026-10-06T03:42:41.520076Z
3,"Oct 17, 2026",2026-10-17,2026-10-17,Ludus Veteran Foil Registration periods have not been set.,"Rochester, NY",NY,5,Local,View Details,https://member.usfencing.org/details/tournaments/12998,2026-10-06T03:42:41.520117Z
3,"Oct 17, 2026",2026-10-17,2026-10-17,Metro Division Junior Olympic Epee & Foil Qualifier Registration periods have not been set.,"Forest Hills, NY",NY,5,Local,View Details,https://member.usfencing.org/details/tournaments/12581,2026-10-06T03:42:41.520158Z
3,"Oct 17, 2026",2026-10-17,2026-10-17,"Non-Designated EFC Cadet Event - Indiv, Men’s Saber Registration closed on Sep 15","Budapest, Hungary",,,Local,See Preview,https://member.usfencing.org/details/tournaments/12749,2026-10-06T03:42:41.520197Z
3,"Oct 17, 2026",2026-10-17,2026-10-17,OFC Youth Cup - October 2026 Registration periods have not been set.,"Dublin, OH",OH,3,Local,View Details,https://member.usfencing.org/details/tournaments/13307,2026-10-06T03:42:41.520234Z
4,"Oct 17, 2026",2026-10-17,2026-10-17,PFA October SANCTIONED Senior & Unrated Senior - All foil mixed events Registration periods have not been set.,"Dublin, CA",CA,4,Local,View Details,https://member.usfencing.org/details/tournaments/13152,2026-10-06T03:42:42.378254Z
4,"Oct 17, 2026",2026-10-17,2026-10-17,Pumpkin Patch Open Registration periods have not been set.,"Lakewood, OH",OH,3,Local,View Details,https://member.usfencing.org/details/tournaments/13204,2026-10-06T03:42:42.378315Z
4,"Oct 17, 2026",2026-10-17,2026-10-17,RYF/RMSA Dollar Challenge Registration periods have not been set.,"ROCHESTER, MN",MN,2,Local,View Details,https://member.usfencing.org/details/tournaments/13170,2026-10-06T03:42:42.378360Z
4,"Oct 17, 2026",2026-10-17,2026-10-17,Salisbury Fencing C & Under Mixed Epee Registration periods have not been set.,"Snow Hill, MD",MD,5,Local,View Details,https://member.usfencing.org/details/tournaments/13176,2026-10-06T03:42:42.378402Z
4,"Oct 17, 2026",2026-10-17,2026-10-17,TMFC Portchester Cup #1 Registration periods have not been set.,"Portchester, NY",NY,5,Local,View Details,https://member.usfencing.org/details/tournaments/13268,2026-10-06T03:42:42.378443Z
4,"Oct 17, 2026",2026-10-17,2026-10-17,Valhalla Fencing Senior Open Sabre Registration periods have not been set.,"Hackettstown, NJ",NJ,5,Local,View Details,https://member.usfencing.org/details/tournaments/12573,2026-10-06T03:42:42.378483Z
4,"Oct 17, 2026",2026-10-17,2026-10-17,Wallingford-Swarthmore Panthers Halloween Special Registration periods have not been set.,"Media, PA",PA,5,Local,View Details,https://member.usfencing.org/details/tournaments/13223,2026-10-06T03:42:42.378522Z
4,"Oct 17, 2026",2026-10-17,2026-10-17,Witch's & Warlock's Épée Challenge Registration periods have not been set.,"MOUNT SINAI, NY",NY,5,Local,View Details,https://member.usfencing.org/details/tournaments/13297,2026-10-06T03:42:42.378564Z
4,"Oct 17, 2026",2026-10-17,2026-10-17,Youth Saber Challenge Registration periods have not been set.,"Rockville, MD",MD,5,Local,View Details,https://member.usfencing.org/details/tournaments/12874,2026-10-06T03:42:42.378613Z
4,"Oct 17 - 18, 2026",2026-10-17,2026-10-18,2026 Fall FIFC Championship Registration periods have not been set.,"Orlando, FL",FL,3,Local,View Details,https://member.usfencing.org/details/tournaments/12861,2026-10-06T03:42:42.378656Z
4,"Oct 17 - 18, 2026",2026-10-17,2026-10-18,Battle in Space City ROC/RJCC Open registration closes 3 hours from now.,"University of Houston - Campus Recreation and Wellness Center Houston, TX",TX,2,"RJCC,ROC",Register Now,https://member.usfencing.org/details/tournaments/12091,2026-10-06T03:42:42.378695Z
4,"Oct 17 - 18, 2026",2026-10-17,2026-10-18,Crazy Sox Challenge Registration periods have not been set.,"Altamonte Springs, FL",FL,3,Local,View Details,https://member.usfencing.org/details/tournaments/12851,2026-10-06T03:42:42.378732Z
4,"Oct 17 - 18, 2026",2026-10-17,2026-10-18,"Designated EFC Cadet Event - Indiv & Team, Men’s Epee - Budapest Registration closed on Sep 29","Budapest, Hungary",,,Local,See Preview,https://member.usfencing.org/details/tournaments/12748,2026-10-06T03:42:42.378806Z
4,"Oct 17 - 18, 2026",2026-10-17,2026-10-18,"Designated EFC Cadet Event - Indiv & Team, Men’s Foil - Samorin Registration closed on Sep 29","Samorin, Slovakia",,,Local,See Preview,https://member.usfencing.org/details/tournaments/12648,2026-10-06T03:42:42.378856Z
4,"Oct 17 - 18, 2026",2026-10-17,2026-10-18,"Designated EFC Cadet Event - Indiv & Team, Women’s Epee - Budapest Registration closed on Sep 29","Budapest, Hungary",,,Local,See Preview,https://member.usfencing.org/details/tournaments/12762,2026-10-06T03:42:42.378898Z
4,"Oct 17 - 18, 2026",2026-10-17,2026-10-18,Fall Frolic 2026 Registration periods have not been set.,"Augusta, GA",GA,3,Local,View Details,https://member.usfencing.org/details/tournaments/12488,2026-10-06T03:42:42.378940Z
4,"Oct 17 - 18, 2026",2026-10-17,2026-10-18,Foothills Fall Fight 2026 Registration periods have not been set.,"Piedmont, SC",SC,3,Local,View Details,https://member.usfencing.org/details/tournaments/12427,2026-10-06T03:42:42.378980Z
4,"Oct 17 - 18, 2026",2026-10-17,2026-10-18,Nashville Challenge RYC/RJCC Open registration closes 3 hours from now.,"MTSU Campus Recreation Murfreesboro, TN",TN,3,"RYC,RJCC",Register Now,https://member.usfencing.org/details/tournaments/12099,2026-10-06T03:42:42.379019Z
4,"Oct 17 - 18, 2026",2026-10-17,2026-10-18,PFA Open Registration periods have not been set.,"Sacramento, CA",CA,4,Local,View Details,https://member.usfencing.org/details/tournaments/13186,2026-10-06T03:42:42.379056Z
4,"Oct 17 - 18, 2026",2026-10-17,2026-10-18,The Harvest Cup Registration periods have not been set.,"Wallingford, CT",CT,6,Local,View Details,https://member.usfencing.org/details/tournaments/13434,2026-10-06T03:42:42.379092Z
5,"Oct 17 - 18, 2026",2026-10-17,2026-10-18,Tidewater Open Registration periods have not been set.,"Chesapeake, VA",VA,5,Local,View Details,https://member.usfencing.org/details/tournaments/13296,2026-10-06T03:42:43.367878Z
5,"Oct 17 - 18, 2026",2026-10-17,2026-10-18,"Y14 local events at Battle in Space City, ROC/RJCC Registration periods have not been set.","Houston, TX",TX,2,"RJCC,ROC,Local",View Details,https://member.usfencing.org/details/tournaments/12603,2026-10-06T03:42:43.367937Z
5,"Oct 18, 2026",2026-10-18,2026-10-18,3DFC Earn Your E- Saber Registration periods have not been set.,"FARGO, ND",ND,2,Local,View Details,https://member.usfencing.org/details/tournaments/13364,2026-10-06T03:42:43.367990Z
5,"Oct 18, 2026",2026-10-18,2026-10-18,AFFA - Div 2 + Senior Open Registration periods have not been set.,"Garwood, NJ",NJ,5,Local,View Details,https://member.usfencing.org/details/tournaments/12964,2026-10-06T03:42:43.368032Z
5,"Oct 18, 2026",2026-10-18,2026-10-18,BCAF 26th Annual Robert Flynn Memorial Epee Registration periods have not been set.,"Pennington, NJ",NJ,5,Local,View Details,https://member.usfencing.org/details/tournaments/12987,2026-10-06T03:42:43.368073Z
5,"Oct 18, 2026",2026-10-18,2026-10-18,Durkan E and Under Sabre Tournament Registration periods have not been set.,"Ridgewood, NJ",NJ,5,Local,View Details,https://member.usfencing.org/details/tournaments/13315,2026-10-06T03:42:43.368111Z
5,"Oct 18, 2026",2026-10-18,2026-10-18,ESCRIMEUR GRAND SABRE AFFAIR: Vet Individual and Team Tournament Registration periods have not been set.,"East Brunswick, NJ",NJ,5,Local,View Details,https://member.usfencing.org/details/tournaments/12854,2026-10-06T03:42:43.368150Z
5,"Oct 18, 2026",2026-10-18,2026-10-18,Fall Steel - C & Under Registration periods have not been set.,"Omaha, NE",NE,2,Local,View Details,https://member.usfencing.org/details/tournaments/12411,2026-10-06T03:42:43.368187Z
5,"Oct 18, 2026",2026-10-18,2026-10-18,FAOP North Open Epee Registration periods have not been set.,"Wyncote, PA",PA,5,Local,View Details,https://member.usfencing.org/details/tournaments/13224,2026-10-06T03:42:43.368224Z
5,"Oct 18, 2026",2026-10-18,2026-10-18,GOLDEN STATE CLASSIC Registration periods have not been set.,"Walnut, CA",CA,4,Local,View Details,https://member.usfencing.org/details/tournaments/13263,2026-10-06T03:42:43.368261Z
5,"Oct 18, 2026",2026-10-18,2026-10-18,Harvest Open and Unrated Registration periods have not been set.,"Iowa City, IA",IA,2,Local,View Details,https://member.usfencing.org/details/tournaments/13071,2026-10-06T03:42:43.368297Z
5,"Oct 18, 2026",2026-10-18,2026-10-18,IFC 2026 Fall Classic Registration periods have not been set.,"Noblesville, IN",IN,3,Local,View Details,https://member.usfencing.org/details/tournaments/12533,2026-10-06T03:42:43.368332Z
5,"Oct 18, 2026",2026-10-18,2026-10-18,Manchen Sunday Youth Foil Registration periods have not been set.,"Whitehouse Station, NJ",NJ,5,Local,View Details,https://member.usfencing.org/details/tournaments/12524,2026-10-06T03:42:43.368373Z
5,"Oct 18, 2026",2026-10-18,2026-10-18,Manhattan Fencing Center Foil Liberty Cup Registration periods have not been set.,"New York, NY",NY,5,Local,View Details,https://member.usfencing.org/details/tournaments/12568,2026-10-06T03:42:43.368418Z
5,"Oct 18, 2026",2026-10-18,2026-10-18,Metropolitan Senior Foil Fall Open Registration periods have not been set.,"Flushing, NY",NY,5,Local,View Details,https://member.usfencing.org/details/tournaments/13167,2026-10-06T03:42:43.368463Z
5,"Oct 18, 2026",2026-10-18,2026-10-18,Nagy Invitational Registration periods have not been set.,"Hudson, OH",OH,3,Local,View Details,https://member.usfencing.org/details/tournaments/13205,2026-10-06T03:42:43.368503Z
5,"Oct 18, 2026",2026-10-18,2026-10-18,NJ Division Junior Olympics Qualifier Registration periods have not been set.,"Bound Brook, NJ",NJ,5,Local,View Details,https://member.usfencing.org/details/tournaments/12986,2026-10-06T03:42:43.368540Z
5,"Oct 18, 2026",2026-10-18,2026-10-18,"Non-Designated EFC Cadet Event - Indiv, Women’s Saber Registration closed on Sep 15","Budapest, Hungary",,,Local,See Preview,https://member.usfencing.org/details/tournaments/12763,2026-10-06T03:42:43.368582Z
5,"Oct 18, 2026",2026-10-18,2026-10-18,OC Division Y12/14/Sr Foil & Sr/Vet Epee Registration periods have not been set.,"Santa Ana, CA",CA,4,Local,View Details,https://member.usfencing.org/details/tournaments/13312,2026-10-06T03:42:43.368621Z
5,"Oct 18, 2026",2026-10-18,2026-10-18,RCFC Pumpkin Smash Registration periods have not been set.,"Staten Island, NY",NY,5,Local,View Details,https://member.usfencing.org/details/tournaments/13337,2026-10-06T03:42:43.368658Z
6,"Oct 18, 2026",2026-10-18,2026-10-18,Sebastiani Challenge Youth - Senior - Vet Registration periods have not been set.,"Princeton, NJ",NJ,5,Local,View Details,https://member.usfencing.org/details/tournaments/12971,2026-10-06T03:42:44.368013Z
6,"Oct 18, 2026",2026-10-18,2026-10-18,Sebastiani Foil Challenge Senior Registration periods have not been set.,"Princeton, NJ",NJ,5,Local,View Details,https://member.usfencing.org/details/tournaments/12970,2026-10-06T03:42:44.368073Z
6,"Oct 18, 2026",2026-10-18,2026-10-18,Sebastiani Foil Challenge Youth - Senior - Vet Registration periods have not been set.,"Princeton, NJ",NJ,5,Local,View Details,https://member.usfencing.org/details/tournaments/12969,2026-10-06T03:42:44.368118Z
6,"Oct 18, 2026",2026-10-18,2026-10-18,SoCal Scholastic Fencing League Individual Foil #1 Registration periods have not been set.,"Westlake Village, CA",CA,4,Local,View Details,https://member.usfencing.org/details/tournaments/12871,2026-10-06T03:42:44.368167Z
6,"Oct 18, 2026",2026-10-18,2026-10-18,Sunday Exchange - Epee Registration periods have not been set.,"Lemoyne, PA",PA,5,Local,View Details,https://member.usfencing.org/details/tournaments/13106,2026-10-06T03:42:44.368209Z
6,"Oct 18, 2026",2026-10-18,2026-10-18,The Fencing Center Fence-A-Thon Registration periods have not been set.,"San Jose, CA",CA,4,Local,View Details,https://member.usfencing.org/details/tournaments/13397,2026-10-06T03:42:44.368249Z
6,"Oct 18, 2026",2026-10-18,2026-10-18,The Fencing Center: Fence-A-Thon Registration periods have not been set.,"San Jose, CA",CA,4,Local,View Details,https://member.usfencing.org/details/tournaments/13422,2026-10-06T03:42:44.368287Z
6,"Oct 18, 2026",2026-10-18,2026-10-18,"The Line Women's, Youth, & Div 3 Foil Registration periods have not been set.","Havertown, PA",PA,5,Local,View Details,https://member.usfencing.org/details/tournaments/13225,2026-10-06T03:42:44.368327Z
6,"Oct 18, 2026",2026-10-18,2026-10-18,TMFC Manhattan Cup #1 Registration periods have not been set.,"New York, NY",NY,5,Local,View Details,https://member.usfencing.org/details/tournaments/13269,2026-10-06T03:42:44.368365Z
6,"Oct 18, 2026",2026-10-18,2026-10-18,U17 Junior Olympic Qualifiers Registration periods have not been set.,,,,Local,View Details,https://member.usfencing.org/details/tournaments/12401,2026-10-06T03:42:44.368403Z
6,"Oct 18, 2026",2026-10-18,2026-10-18,Youth Epee Challenge Registration periods have not been set.,"Rockville, MD",MD,5,Local,View Details,https://member.usfencing.org/details/tournaments/12875,2026-10-06T03:42:44.368441Z
6,"Oct 19, 2026",2026-10-19,2026-10-19,Manic Monday - Epee Registration periods have not been set.,"Lincoln, NE",NE,2,Local,View Details,https://member.usfencing.org/details/tournaments/13124,2026-10-06T03:42:44.368479Z
6,"Oct 22, 2026",2026-10-22,2026-10-22,NJFA - Div. 3 and Y8-Y14 Foil Registration periods have not been set.,"Maplewood, NJ",NJ,5,Local,View Details,https://member.usfencing.org/details/tournaments/13051,2026-10-06T03:42:44.368516Z
6,"Oct 22, 2026",2026-10-22,2026-10-22,"Non-Designated FIE Cadet World Cup - Indiv, Men’s Epee Registration closed on Sep 22","San-Jose, Costa Rica",,,Local,See Preview,https://member.usfencing.org/details/tournaments/12782,2026-10-06T03:42:44.368558Z
6,"Oct 22, 2026",2026-10-22,2026-10-22,"Non-Designated FIE Cadet World Cup - Indiv, Men’s Foil Registration closed on Sep 22","Hammamet, Tunisia",,,Local,See Preview,https://member.usfencing.org/details/tournaments/12783,2026-10-06T03:42:44.368607Z
6,"Oct 22, 2026",2026-10-22,2026-10-22,"Non-Designated FIE Cadet World Cup - Indiv, Men’s Saber Registration closed on Sep 22","Oran, Algeria",,,Local,See Preview,https://member.usfencing.org/details/tournaments/12784,2026-10-06T03:42:44.368652Z
6,"Oct 22, 2026",2026-10-22,2026-10-22,"Non-Designated FIE Cadet World Cup - Indiv, Women’s Epee Registration closed on Sep 22","San-Jose, Costa Rica",,,Local,See Preview,https://member.usfencing.org/details/tournaments/12801,2026-10-06T03:42:44.368697Z
6,"Oct 22, 2026",2026-10-22,2026-10-22,"Non-Designated FIE Cadet World Cup - Indiv, Women’s Foil Registration closed on Sep 22","Hammamet, Tunisia",,,Local,See Preview,https://member.usfencing.org/details/tournaments/12802,2026-10-06T03:42:44.368739Z
6,"Oct 22, 2026",2026-10-22,2026-10-22,"Non-Designated FIE Cadet World Cup - Indiv, Women’s Saber Registration closed on Sep 22","Oran, Algeria",,,Local,See Preview,https://member.usfencing.org/details/tournaments/12803,2026-10-06T03:42:44.368805Z
6,"Oct 23, 2026",2026-10-23,2026-10-23,Freehold Fencing - Unrated Epee & Sabre Registration periods have not been set.,"Freehold, NJ",NJ,5,Local,View Details,https://member.usfencing.org/details/tournaments/12483,2026-10-06T03:42:44.368851Z
7,"Oct 23, 2026",2026-10-23,2026-10-23,Manchen Friday Night Unrated Foil Registration periods have not been set.,"Whitehouse Station, NJ",NJ,5,Local,View Details,https://member.usfencing.org/details/tournaments/12526,2026-10-06T03:42:45.260139Z
7,"Oct 23, 2026",2026-10-23,2026-10-23,"Non-Designated FIE Junior World Cup - Indiv, Men’s Foil Registration closed on Sep 22","Hammamet, Tunisia",,,Local,See Preview,https://member.usfencing.org/details/tournaments/12823,2026-10-06T03:42:45.260205Z
7,"Oct 23, 2026",2026-10-23,2026-10-23,"Non-Designated FIE Junior World Cup - Indiv, Men’s Saber Registration closed on Sep 22","Oran, Algeria",,,Local,See Preview,https://member.usfencing.org/details/tournaments/12824,2026-10-06T03:42:45.260256Z
7,"Oct 23, 2026",2026-10-23,2026-10-23,SAS Unrated Foil Registration periods have not been set.,"Seattle, WA",WA,1,Local,View Details,https://member.usfencing.org/details/tournaments/13043,2026-10-06T03:42:45.260304Z
7,"Oct 23 - 24, 2026",2026-10-23,2026-10-24,"Non-Designated FIE Junior World Cup - Indiv, Women’s Saber Registration closed on Sep 22","Oran, Algeria",,,Local,See Preview,https://member.usfencing.org/details/tournaments/12835,2026-10-06T03:42:45.260349Z
7,"Oct 23 - 25, 2026",2026-10-23,2026-10-25,AFM Super Regional RYC/RJCC/ROC Div1A/Div2/Vet Late registration closes on Oct 15.,"Santa Clara Convention Center Santa Clara, CA",CA,4,"RYC,RJCC,ROC",Register Now!,https://member.usfencing.org/details/tournaments/12097,2026-10-06T03:42:45.260392Z
7,"Oct 23 - 25, 2026",2026-10-23,2026-10-25,"Designated FIE Junior World Cup - Indiv & Team, Men’s Epee - San Jose Open registration closes on Oct 13.","San-Jose, Costa Rica",,,Local,Register Now,https://member.usfencing.org/details/tournaments/12682,2026-10-06T03:42:45.260436Z
7,"Oct 23 - 25, 2026",2026-10-23,2026-10-25,"Designated FIE Junior World Cup - Indiv & Team, Women’s Epee - San Jose Open registration closes on Oct 13.","San-Jose, Costa Rica",,,Local,Register Now,https://member.usfencing.org/details/tournaments/12686,2026-10-06T03:42:45.260480Z
7,"Oct 24, 2026",2026-10-24,2026-10-24,Battle in the Borderland Registration periods have not been set.,"El Paso, TX",TX,2,Local,View Details,https://member.usfencing.org/details/tournaments/13208,2026-10-06T03:42:45.260521Z
7,"Oct 24, 2026",2026-10-24,2026-10-24,CFFA Season Opener Registration periods have not been set.,"Wilmington, NC",NC,3,Local,View Details,https://member.usfencing.org/details/tournaments/13415,2026-10-06T03:42:45.260569Z
7,"Oct 24, 2026",2026-10-24,2026-10-24,FAOP North Women's Unrated Epee Registration periods have not been set.,"Wyncote, PA",PA,5,Local,View Details,https://member.usfencing.org/details/tournaments/13226,2026-10-06T03:42:45.260608Z
7,"Oct 24, 2026",2026-10-24,2026-10-24,FCMC Senior Unrated Sabre Registration periods have not been set.,"Robbinsville, NH",NH,6,Local,View Details,https://member.usfencing.org/details/tournaments/12551,2026-10-06T03:42:45.260645Z
7,"Oct 24, 2026",2026-10-24,2026-10-24,NEPA Division 2026-27 Junior Olympics Qualifier Registration periods have not been set.,"La Plume, PW",PW,INTL,Local,View Details,https://member.usfencing.org/details/tournaments/13350,2026-10-06T03:42:45.260689Z
7,"Oct 24, 2026",2026-10-24,2026-10-24,"Non-Designated FIE Junior World Cup - Indiv, Women’s Foil Registration closed on Sep 22","Hammamet, Tunisia",,,Local,See Preview,https://member.usfencing.org/details/tournaments/12834,2026-10-06T03:42:45.260730Z
7,"Oct 24, 2026",2026-10-24,2026-10-24,November Jackpot Epee Registration periods have not been set.,"Oklahoma City, OK",OK,2,Local,View Details,https://member.usfencing.org/details/tournaments/13330,2026-10-06T03:42:45.260791Z
7,"Oct 24, 2026",2026-10-24,2026-10-24,Panther Open '26 Registration periods have not been set.,"Pittsburgh, PA",PA,5,Local,View Details,https://member.usfencing.org/details/tournaments/13136,2026-10-06T03:42:45.260837Z
7,"Oct 24, 2026",2026-10-24,2026-10-24,"SAS Saber #1 (Y10, Y12, Y14, Junior, Senior) Registration periods have not been set.","Seattle, WA",WA,1,Local,View Details,https://member.usfencing.org/details/tournaments/13044,2026-10-06T03:42:45.260878Z
7,"Oct 24, 2026",2026-10-24,2026-10-24,Saturday Duel - Div 3 - Epee Registration periods have not been set.,"Lemoyne, PA",PA,5,Local,View Details,https://member.usfencing.org/details/tournaments/13107,2026-10-06T03:42:45.260925Z
7,"Oct 24, 2026",2026-10-24,2026-10-24,The Grim Rapier Registration periods have not been set.,"Bay City, MI",MI,3,Local,View Details,https://member.usfencing.org/details/tournaments/13360,2026-10-06T03:42:45.260964Z
7,"Oct 24 - 25, 2026",2026-10-24,2026-10-25,2026 Escrime d'Halloween RYC/RJCC Late registration closes on Oct 16.,"The Edge Sports and Arts Academy Twinsburg, OH",OH,3,"RYC,RJCC",Register Now!,https://member.usfencing.org/details/tournaments/12093,2026-10-06T03:42:45.261003Z
8,"Oct 24 - 25, 2026",2026-10-24,2026-10-25,5th Annual Drew Page Memorial Tournament Registration periods have not been set.,"willimantic, CT",CT,6,Local,View Details,https://member.usfencing.org/details/tournaments/13283,2026-10-06T03:42:46.232821Z
8,"Oct 24 - 25, 2026",2026-10-24,2026-10-25,DMFC's 8th annual Jack-O-Lantern tournament Registration periods have not been set.,"West Des Moines, IA",IA,2,Local,View Details,https://member.usfencing.org/details/tournaments/13288,2026-10-06T03:42:46.232884Z
8,"Oct 24 - 25, 2026",2026-10-24,2026-10-25,Morris Cup RYC/RJCC Open registration closes 3 hours from now.,"Rockland Community College, Eugene Levy Field House Suffern, NY",NY,5,"RYC,RJCC",Register Now,https://member.usfencing.org/details/tournaments/12095,2026-10-06T03:42:46.232931Z
8,"Oct 25, 2026",2026-10-25,2026-10-25,AIC Fall Foil Challenge Registration periods have not been set.,"Sterling, VA",VA,5,Local,View Details,https://member.usfencing.org/details/tournaments/12926,2026-10-06T03:42:46.232974Z
8,"Oct 25, 2026",2026-10-25,2026-10-25,Atlantic Fencing Academy Senior Unrated Epee/Sabre Registration periods have not been set.,"Tinton Falls, NJ",NJ,5,Local,View Details,https://member.usfencing.org/details/tournaments/12948,2026-10-06T03:42:46.233016Z
8,"Oct 25, 2026",2026-10-25,2026-10-25,Avant-Garde Foil Open Registration periods have not been set.,"Los Angeles, CA",CA,4,Local,View Details,https://member.usfencing.org/details/tournaments/13427,2026-10-06T03:42:46.233056Z
8,"Oct 25, 2026",2026-10-25,2026-10-25,Freehold Fencing - Veteran Foil & Epee Registration periods have not been set.,"Freehold, NJ",NJ,5,Local,View Details,https://member.usfencing.org/details/tournaments/12484,2026-10-06T03:42:46.233095Z
8,"Oct 25, 2026",2026-10-25,2026-10-25,MEDEO Epee Division II Registration periods have not been set.,"Scotch Plains, NJ",NJ,5,Local,View Details,https://member.usfencing.org/details/tournaments/12972,2026-10-06T03:42:46.233133Z
8,"Oct 25, 2026",2026-10-25,2026-10-25,PFC Unrated & Adult Epee Registration periods have not been set.,"Philadelphia, PA",PA,5,Local,View Details,https://member.usfencing.org/details/tournaments/13227,2026-10-06T03:42:46.233170Z
8,"Oct 25, 2026",2026-10-25,2026-10-25,SAS Youth/Teen Foil and Epee #2 Registration periods have not been set.,"Seattle, WA",WA,1,Local,View Details,https://member.usfencing.org/details/tournaments/13045,2026-10-06T03:42:46.233213Z
8,"Oct 25, 2026",2026-10-25,2026-10-25,Spartan Comeback Challange Registration periods have not been set.,"Greensboro, NC",NC,3,Local,View Details,https://member.usfencing.org/details/tournaments/12509,2026-10-06T03:42:46.233254Z
8,"Oct 25, 2026",2026-10-25,2026-10-25,Wanglei Fencing October Cup: Cadet/Junior Epee Registration periods have not been set.,"Plainsboro, NJ",NJ,5,Local,View Details,https://member.usfencing.org/details/tournaments/12938,2026-10-06T03:42:46.233296Z
8,"Oct 25, 2026",2026-10-25,2026-10-25,WFA Unrated Saber Tournament Registration periods have not been set.,"ISSAQUAH, WA",WA,1,Local,View Details,https://member.usfencing.org/details/tournaments/13034,2026-10-06T03:42:46.233334Z
8,"Oct 25, 2026",2026-10-25,2026-10-25,Y10/Y12/Y14 Youth Challenge #4 at Medeo Registration periods have not been set.,"Scotch Plains, NJ",NJ,5,Local,View Details,https://member.usfencing.org/details/tournaments/12945,2026-10-06T03:42:46.233374Z
8,"Oct 27, 2026",2026-10-27,2026-10-27,NJFA - Div. 3 and Y8-Y14 Foil Registration periods have not been set.,"Maplewood, NJ",NJ,5,Local,View Details,https://member.usfencing.org/details/tournaments/13052,2026-10-06T03:42:46.233412Z
8,"Oct 29, 2026",2026-10-29,2026-10-29,Bozeman Tournament Oct 29th Registration periods have not been set.,"Bozeman, MT",MT,1,Local,View Details,https://member.usfencing.org/details/tournaments/13192,2026-10-06T03:42:46.233450Z
8,"Oct 29, 2026",2026-10-29,2026-10-29,NJFA - Div. 3 and Y8-Y14 Epee Registration periods have not been set.,"Maplewood, NJ",NJ,5,Local,View Details,https://member.usfencing.org/details/tournaments/13053,2026-10-06T03:42:46.233489Z
8,"Oct 30, 2026",2026-10-30,2026-10-30,FFA Unrated Foil & Women's Foil Registration periods have not been set.,"Coplay, PA",PA,5,Local,View Details,https://member.usfencing.org/details/tournaments/13228,2026-10-06T03:42:46.233535Z
8,"Oct 30, 2026",2026-10-30,2026-10-30,SAS E & Under Epee Registration periods have not been set.,"Seattle, WA",WA,1,Local,View Details,https://member.usfencing.org/details/tournaments/13046,2026-10-06T03:42:46.233575Z
8,"Oct 30 - Nov 1, 2026",,,Skyward Fencing Phantom Open Registration periods have not been set.,"South Barrington, IL",IL,2,Local,View Details,https://member.usfencing.org/details/tournaments/12557,2026-10-06T03:42:46.233616Z
9,"Oct 31, 2026",2026-10-31,2026-10-31,Ataba Fencing Club October Challenge Registration periods have not been set.,"Hartland, WI",WI,2,Local,View Details,https://member.usfencing.org/details/tournaments/12847,2026-10-06T03:42:47.116454Z
9,"Oct 31, 2026",2026-10-31,2026-10-31,Candy Corn Clash (Queens Fencing Club Div3 womens foil & Div1A mixed foil/epee) Registration periods have not been set.,"Forest Hills, NY",NY,5,Local,View Details,https://member.usfencing.org/details/tournaments/12577,2026-10-06T03:42:47.116516Z
9,"Oct 31, 2026",2026-10-31,2026-10-31,FCMC Senior Open Sabre Halloween Special Registration periods have not been set.,"Robbinsville, NJ",NJ,5,Local,View Details,https://member.usfencing.org/details/tournaments/12552,2026-10-06T03:42:47.116562Z
9,"Oct 31, 2026",2026-10-31,2026-10-31,"Non-Designated EFC Cadet Event - Indiv, Men’s Foil Registration closed on Sep 29","Gothenbrug, Sweden",,,Local,See Preview,https://member.usfencing.org/details/tournaments/12750,2026-10-06T03:42:47.116609Z
9,"Oct 31, 2026",2026-10-31,2026-10-31,Utah-Southern Idaho Junior Olympic Qualifiers (NOT SABER-FOIL LEAGUE) Registration periods have not been set.,UT,,,Local,View Details,https://member.usfencing.org/details/tournaments/13185,2026-10-06T03:42:47.116652Z
9,"Oct 31, 2026",2026-10-31,2026-10-31,Utah/Southern Idaho and Friends Saber + Foil League OCT- HALLOWEEN at Wasatch Fencing! Registration periods have not been set.,,,,Local,View Details,https://member.usfencing.org/details/tournaments/13311,2026-10-06T03:42:47.116694Z
9,"Oct 31 - Nov 1, 2026",,,11th Annual Orange & Blue Registration periods have not been set.,"Gainesville, FL",FL,3,Local,View Details,https://member.usfencing.org/details/tournaments/12408,2026-10-06T03:42:47.116742Z
9,"Oct 31 - Nov 1, 2026",,,2026 OFC High Class Epee Tournament Registration periods have not been set.,"JOHNS CREEK, GA",GA,3,Local,View Details,https://member.usfencing.org/details/tournaments/13406,2026-10-06T03:42:47.116807Z
9,"Oct 31 - Nov 1, 2026",,,"Designated EFC Cadet Event - Indiv & Team, Men’s Epee - Klagenfurt Open registration closes on Oct 13.","Klagenfurt, Austria",,,Local,Register Now,https://member.usfencing.org/details/tournaments/12653,2026-10-06T03:42:47.116885Z
9,"Oct 31 - Nov 1, 2026",,,"Designated EFC Cadet Event - Indiv & Team, Men’s Saber - Sofia Open registration closes on Oct 13.","Sofia, Bulgaria",,,Local,Register Now,https://member.usfencing.org/details/tournaments/12654,2026-10-06T03:42:47.116940Z
9,"Oct 31 - Nov 1, 2026",,,"Designated EFC Cadet Event - Indiv & Team, Women’s Epee - Klagenfurt Open registration closes on Oct 13.","Klagenfurt, Austria",,,Local,Register Now,https://member.usfencing.org/details/tournaments/12657,2026-10-06T03:42:47.116983Z
9,"Oct 31 - Nov 1, 2026",,,"Designated EFC Cadet Event - Indiv & Team, Women’s Saber - Sofia Open registration closes on Oct 13.","Sofia, Bulgaria",,,Local,Register Now,https://member.usfencing.org/details/tournaments/12658,2026-10-06T03:42:47.117023Z
9,"Oct 31 - Nov 1, 2026",,,"Non-Designated EFC Cadet Event - Indiv, Women’s Foil Registration closed on Sep 29","Gothenburg, Sweden",,,Local,See Preview,https://member.usfencing.org/details/tournaments/12764,2026-10-06T03:42:47.117073Z
9,"Oct 31 - Nov 1, 2026",,,Portland Fall RYC Open registration closes 5 days from now.,"Northwest Fencing Center Tigard, OR",OR,1,RYC,Register Now,https://member.usfencing.org/details/tournaments/12101,2026-10-06T03:42:47.117113Z
9,"Oct 31 - Nov 1, 2026",,,Tiger Open 2026 Registration periods have not been set.,"Clemson, SC",SC,3,Local,View Details,https://member.usfencing.org/details/tournaments/12844,2026-10-06T03:42:47.117150Z
9,"Oct 31 - Nov 1, 2026",,,Troy Cullen Memorial/Halloween Open Registration periods have not been set.,"Fairfax, VA",VA,5,Local,View Details,https://member.usfencing.org/details/tournaments/12412,2026-10-06T03:42:47.117188Z
9,"Oct 31 - Nov 1, 2026",,,Ultimate Cup RJCC Open registration closes on Oct 12.,"Iron Peak Sports & Events Hillsborough Township, NJ",NJ,5,RJCC,Register Now,https://member.usfencing.org/details/tournaments/12158,2026-10-06T03:42:47.117226Z
9,"Nov 1, 2026",2026-11-01,2026-11-01,BCAF Mixed Combined Vet Epee Registration periods have not been set.,"Lambertville, NJ",NJ,5,Local,View Details,https://member.usfencing.org/details/tournaments/12988,2026-10-06T03:42:47.117267Z
9,"Nov 1, 2026",2026-11-01,2026-11-01,Champagne Challenge Registration periods have not been set.,"Rockville, MD",MD,5,Local,View Details,https://member.usfencing.org/details/tournaments/12876,2026-10-06T03:42:47.117312Z
9,"Nov 1, 2026",2026-11-01,2026-11-01,FAOP North Veteran Epee & Foil Registration periods have not been set.,"Wyncote, PA",PA,5,Local,View Details,https://member.usfencing.org/details/tournaments/13229,2026-10-06T03:42:47.117352Z
10,"Nov 1, 2026",2026-11-01,2026-11-01,Halloween Invitational Registration periods have not been set.,"Pittsburgh, PA",PA,5,Local,View Details,https://member.usfencing.org/details/tournaments/13380,2026-10-06T03:42:47.994115Z
10,"Nov 1, 2026",2026-11-01,2026-11-01,Maximum SABER Challenge Registration periods have not been set.,"Los Altos, CA",CA,4,Local,View Details,https://member.usfencing.org/details/tournaments/13304,2026-10-06T03:42:47.994177Z
10,"Nov 1, 2026",2026-11-01,2026-11-01,SAS Foil and Epee Challenge #2 Registration periods have not been set.,"Seattle, WA",WA,1,Local,View Details,https://member.usfencing.org/details/tournaments/13038,2026-10-06T03:42:47.994223Z
10,"Nov 1, 2026",2026-11-01,2026-11-01,Youth Epee Registration periods have not been set.,"New York, NY",NY,5,Local,View Details,https://member.usfencing.org/details/tournaments/12634,2026-10-06T03:42:47.994264Z
10,"Nov 1 - Dec 1, 2026",,,2027 Junior Olympic Qualifiers-Northern Ohio Division Registration periods have not been set.,OH,,,Local,View Details,https://member.usfencing.org/details/tournaments/13391,2026-10-06T03:42:47.994305Z
10,"Nov 2, 2026",2026-11-02,2026-11-02,NJFA - Div. 3 and Y8-Y14 Saber Registration periods have not been set.,"Maplewood, NJ",NJ,5,Local,View Details,https://member.usfencing.org/details/tournaments/13054,2026-10-06T03:42:47.994345Z
10,"Nov 5, 2026",2026-11-05,2026-11-05,"Non-Designated FIE Cadet World Cup - Indiv, Men’s Epee Open registration closes 1 day from now.","Manama, Bahrain",,,Local,Register Now,https://member.usfencing.org/details/tournaments/12785,2026-10-06T03:42:47.994388Z
10,"Nov 5, 2026",2026-11-05,2026-11-05,"Non-Designated FIE Cadet World Cup - Indiv, Women’s Epee Open registration closes 1 day from now.","Manama, Bahrain",,,Local,Register Now,https://member.usfencing.org/details/tournaments/12804,2026-10-06T03:42:47.994430Z
10,"Nov 6, 2026",2026-11-06,2026-11-06,AFC Friday Night Fencing Registration periods have not been set.,"Augusta, GA",GA,3,Local,View Details,https://member.usfencing.org/details/tournaments/12485,2026-10-06T03:42:47.994470Z
10,"Nov 6, 2026",2026-11-06,2026-11-06,"Designated FIE Cadet World Cup - Indiv, Men’s Foil - Budapest Open registration closes on Oct 13.","Budapest, Hungary",,,Local,Register Now,https://member.usfencing.org/details/tournaments/12662,2026-10-06T03:42:47.994512Z
10,"Nov 6, 2026",2026-11-06,2026-11-06,Friday Night Fight Registration periods have not been set.,"Norwalk, CT",CT,6,Local,View Details,https://member.usfencing.org/details/tournaments/13374,2026-10-06T03:42:47.994552Z
10,"Nov 6, 2026",2026-11-06,2026-11-06,Manchen Friday Night Foil Open Registration periods have not been set.,"Whitehouse Station, NJ",NJ,5,Local,View Details,https://member.usfencing.org/details/tournaments/12527,2026-10-06T03:42:47.994592Z
10,"Nov 6, 2026",2026-11-06,2026-11-06,"Non-Designated FIE Cadet World Cup - Indiv, Men’s Saber Open registration closes 1 day from now.","Dormagen, Germany",,,Local,Register Now,https://member.usfencing.org/details/tournaments/12786,2026-10-06T03:42:47.994640Z
10,"Nov 6, 2026",2026-11-06,2026-11-06,"Non-Designated FIE Cadet World Cup - Indiv, Women’s Foil Open registration closes 1 day from now.","Aix-en-Provence, France",,,Local,Register Now,https://member.usfencing.org/details/tournaments/12805,2026-10-06T03:42:47.994682Z
10,"Nov 6, 2026",2026-11-06,2026-11-06,"Non-Designated FIE Cadet World Cup - Indiv, Women’s Saber Open registration closes 1 day from now.","Budapest, Hungary",,,Local,Register Now,https://member.usfencing.org/details/tournaments/12806,2026-10-06T03:42:47.994721Z
10,"Nov 6, 2026",2026-11-06,2026-11-06,"Non-Designated FIE Junior World Cup - Indiv, Men’s Epee Open registration closes 1 day from now.","Manama, Bahrain",,,Local,Register Now,https://member.usfencing.org/details/tournaments/12825,2026-10-06T03:42:47.994782Z
10,"Nov 6, 2026",2026-11-06,2026-11-06,RCFC D & Under Epee #1 Registration periods have not been set.,"Bellevue, WA",WA,1,Local,View Details,https://member.usfencing.org/details/tournaments/13021,2026-10-06T03:42:47.994832Z
10,"Nov 6, 2026",2026-11-06,2026-11-06,TMFC Junior and Cadet Cup #2 Registration periods have not been set.,"New York, NY",NY,5,Local,View Details,https://member.usfencing.org/details/tournaments/13341,2026-10-06T03:42:47.994873Z
10,"Nov 6 - 8, 2026",2026-11-06,2026-11-08,Fall GRAFA RYC\RJCC\ROC- Third Coast Cup Open registration closes on Oct 30.,"MSA Fieldhouse Grand Rapids, MI",MI,3,"RYC,RJCC,ROC",Register Now,https://member.usfencing.org/details/tournaments/12105,2026-10-06T03:42:47.994932Z
10,"Nov 7, 2026",2026-11-07,2026-11-07,AFFA Unrated Tournament Registration periods have not been set.,"Garwood, NJ",NJ,5,Local,View Details,https://member.usfencing.org/details/tournaments/12984,2026-10-06T03:42:47.994977Z
11,"Nov 7, 2026",2026-11-07,2026-11-07,Capital Czajkowski Cup #1 Registration periods have not been set.,,,,Local,View Details,https://member.usfencing.org/details/tournaments/13114,2026-10-06T03:42:49.166471Z
11,"Nov 7, 2026",2026-11-07,2026-11-07,Durkan Div2/Div3 Sabre Challenge Registration periods have not been set.,"Ridgewood, NJ",NJ,5,Local,View Details,https://member.usfencing.org/details/tournaments/13316,2026-10-06T03:42:49.166531Z
11,"Nov 7, 2026",2026-11-07,2026-11-07,FCMC Y14 Sabre Registration periods have not been set.,"Robbinsville, NJ",NJ,5,Local,View Details,https://member.usfencing.org/details/tournaments/12553,2026-10-06T03:42:49.166576Z
11,"Nov 7, 2026",2026-11-07,2026-11-07,Four Corners Fall Fencing Tourney Registration periods have not been set.,"Durango, CO",CO,4,Local,View Details,https://member.usfencing.org/details/tournaments/13162,2026-10-06T03:42:49.166619Z
11,"Nov 7, 2026",2026-11-07,2026-11-07,J.L. Mann Fencing Club Fall High School Meet Registration periods have not been set.,"Greenville, SC",SC,3,Local,View Details,https://member.usfencing.org/details/tournaments/12596,2026-10-06T03:42:49.166660Z
11,"Nov 7, 2026",2026-11-07,2026-11-07,Junior Olympics Qualifier Registration periods have not been set.,"New York, NY",NY,5,Local,View Details,https://member.usfencing.org/details/tournaments/12565,2026-10-06T03:42:49.166699Z
11,"Nov 7, 2026",2026-11-07,2026-11-07,"Non-Designated FIE Junior World Cup - Indiv, Women’s Epee Open registration closes 1 day from now.","Manama, Bahrain",,,Local,Register Now,https://member.usfencing.org/details/tournaments/12836,2026-10-06T03:42:49.166744Z
11,"Nov 7, 2026",2026-11-07,2026-11-07,"November Capital Foil & Epee Circuit: Unrated, E&U, Youth Registration periods have not been set.","Sacramento, CA",CA,4,Local,View Details,https://member.usfencing.org/details/tournaments/13411,2026-10-06T03:42:49.166810Z
11,"Nov 7, 2026",2026-11-07,2026-11-07,PhilDiv JO 2027 Junior Qualifier Registration periods have not been set.,"Coplay, PA",PA,5,Local,View Details,https://member.usfencing.org/details/tournaments/12967,2026-10-06T03:42:49.166856Z
11,"Nov 7, 2026",2026-11-07,2026-11-07,Salisbury Fencing Unrated Mixed Epee / Mixed Y-12 Epee Registration periods have not been set.,"Snow Hill, MD",MD,5,Local,View Details,https://member.usfencing.org/details/tournaments/13177,2026-10-06T03:42:49.166899Z
11,"Nov 7, 2026",2026-11-07,2026-11-07,San Antonio Cup II Registration periods have not been set.,"San Antonio, TX",TX,2,Local,View Details,https://member.usfencing.org/details/tournaments/13172,2026-10-06T03:42:49.166939Z
11,"Nov 7, 2026",2026-11-07,2026-11-07,TMFC Portchester Youth Cup #2 Registration periods have not been set.,"Portchester, NY",NY,5,Local,View Details,https://member.usfencing.org/details/tournaments/13342,2026-10-06T03:42:49.166977Z
11,"Nov 7, 2026",2026-11-07,2026-11-07,TN Division Junior Olympic Qualifier Registration periods have not been set.,"Nashville, TN",TN,3,Local,View Details,https://member.usfencing.org/details/tournaments/13302,2026-10-06T03:42:49.167015Z
11,"Nov 7 - 8, 2026",2026-11-07,2026-11-08,2026 Georgia Division Junior Olympic Qualifier Registration periods have not been set.,"Augusta, GA",GA,3,Local,View Details,https://member.usfencing.org/details/tournaments/13368,2026-10-06T03:42:49.167057Z
11,"Nov 7 - 8, 2026",2026-11-07,2026-11-08,3rd Annual BBFC RYC and Y8 Open registration closes on Oct 24.,"Tarkanian Basketball Center Las Vegas, NV",NV,4,RYC,Register Now,https://member.usfencing.org/details/tournaments/12107,2026-10-06T03:42:49.167097Z
11,"Nov 7 - 8, 2026",2026-11-07,2026-11-08,City of Burbank C/RPC #2 Registration periods have not been set.,Burbank,,,Local,View Details,https://member.usfencing.org/details/tournaments/13408,2026-10-06T03:42:49.167136Z
11,"Nov 7 - 8, 2026",2026-11-07,2026-11-08,"Designated FIE Junior World Cup - Indiv & Team, Men’s Foil - Budapest Open registration closes on Oct 13.","Budapest, Hungary",,,Local,Register Now,https://member.usfencing.org/details/tournaments/12671,2026-10-06T03:42:49.167178Z
11,"Nov 7 - 8, 2026",2026-11-07,2026-11-08,"Designated FIE Junior World Cup - Indiv & Team, Men’s Saber - Dormagen Open registration closes on Oct 13.","Dormagen, Germany",,,Local,Register Now,https://member.usfencing.org/details/tournaments/12672,2026-10-06T03:42:49.167226Z
11,"Nov 7 - 8, 2026",2026-11-07,2026-11-08,"Designated FIE Junior World Cup - Indiv & Team, Women’s Foil - Aix en Provence Open registration closes on Oct 13.","Aix-en-Provence, France",,,Local,Register Now,https://member.usfencing.org/details/tournaments/12673,2026-10-06T03:42:49.167270Z
11,"Nov 7 - 8, 2026",2026-11-07,2026-11-08,"Designated FIE Junior World Cup - Indiv & Team, Women’s Saber - Budapest Open registration closes on Oct 13.","Budapest, Hungary",,,Local,Register Now,https://member.usfencing.org/details/tournaments/12674,2026-10-06T03:42:49.167311Z
12,"Nov 7 - 8, 2026",2026-11-07,2026-11-08,Emerald City ROC Open registration closes on Oct 21.,"Salle Auriol Seattle Seattle, WA",WA,1,ROC,Register Now,https://member.usfencing.org/details/tournaments/12103,2026-10-06T03:42:50.273469Z
12,"Nov 7 - 8, 2026",2026-11-07,2026-11-08,Masquerade Duel Registration periods have not been set.,"Altamonte Springs, FL",FL,3,Local,View Details,https://member.usfencing.org/details/tournaments/12852,2026-10-06T03:42:50.273532Z
12,"Nov 7 - 8, 2026",2026-11-07,2026-11-08,VA Division JO Qualifiers Registration periods have not been set.,"Fairfax, VA",VA,5,Local,View Details,https://member.usfencing.org/details/tournaments/12413,2026-10-06T03:42:50.273578Z
12,"Nov 8, 2026",2026-11-08,2026-11-08,6W Vet Combined Registration periods have not been set.,,,,Local,View Details,https://member.usfencing.org/details/tournaments/12399,2026-10-06T03:42:50.273620Z
12,"Nov 8, 2026",2026-11-08,2026-11-08,Capital Fencing Academy Musketeer Circuit #1 Registration periods have not been set.,,,,Local,View Details,https://member.usfencing.org/details/tournaments/13118,2026-10-06T03:42:50.273661Z
12,"Nov 8, 2026",2026-11-08,2026-11-08,Capitol Division Tom Wright Memorial Veterans Tournament Registration periods have not been set.,,,,Local,View Details,https://member.usfencing.org/details/tournaments/13084,2026-10-06T03:42:50.273701Z
12,"Nov 8, 2026",2026-11-08,2026-11-08,Central Ohio (Columbus) Division Qualifiers for 2027 Junior Olympics Registration periods have not been set.,"Columbus, OH",OH,3,Local,View Details,https://member.usfencing.org/details/tournaments/13111,2026-10-06T03:42:50.273741Z
12,"Nov 8, 2026",2026-11-08,2026-11-08,Durkan Sabre Cadet/Junior Cup #2 Registration periods have not been set.,"Ridgewood, NJ",NJ,5,Local,View Details,https://member.usfencing.org/details/tournaments/13317,2026-10-06T03:42:50.273804Z
12,"Nov 8, 2026",2026-11-08,2026-11-08,EBFG Epee Registration periods have not been set.,"Oakland, CA",CA,4,Local,View Details,https://member.usfencing.org/details/tournaments/13157,2026-10-06T03:42:50.273848Z
12,"Nov 8, 2026",2026-11-08,2026-11-08,Escrimeur Sabre Cup 2026-2027 (3) Registration periods have not been set.,"East Brunswick, NJ",NJ,5,Local,View Details,https://member.usfencing.org/details/tournaments/12853,2026-10-06T03:42:50.273888Z
12,"Nov 8, 2026",2026-11-08,2026-11-08,Freehold Fencing - Unrated Foil/Epee/Sabre Registration periods have not been set.,"Freehold, NJ",NJ,5,Local,View Details,https://member.usfencing.org/details/tournaments/12490,2026-10-06T03:42:50.273934Z
12,"Nov 8, 2026",2026-11-08,2026-11-08,IUP Division II (C and Under) Shark Tank Foil and Epee Competition Registration periods have not been set.,"Indiana, PA",PA,5,Local,View Details,https://member.usfencing.org/details/tournaments/13298,2026-10-06T03:42:50.273973Z
12,"Nov 8, 2026",2026-11-08,2026-11-08,Manhattan Fencing Center Saber Liberty Cup Registration periods have not been set.,"New York, NY",NY,5,Local,View Details,https://member.usfencing.org/details/tournaments/12562,2026-10-06T03:42:50.274012Z
12,"Nov 8, 2026",2026-11-08,2026-11-08,NYFA Youth Cup #1 Registration periods have not been set.,"Brooklyn, NY",NY,5,Local,View Details,https://member.usfencing.org/details/tournaments/12954,2026-10-06T03:42:50.274051Z
12,"Nov 8, 2026",2026-11-08,2026-11-08,PhilDiv JO 2027 Cadet Qualifier Registration periods have not been set.,"Wyncote, PA",PA,5,Local,View Details,https://member.usfencing.org/details/tournaments/12968,2026-10-06T03:42:50.274127Z
12,"Nov 8, 2026",2026-11-08,2026-11-08,Senior Epee Registration periods have not been set.,"New York, NY",NY,5,Local,View Details,https://member.usfencing.org/details/tournaments/12613,2026-10-06T03:42:50.274167Z
12,"Nov 8, 2026",2026-11-08,2026-11-08,Sunpoint Sanctioned Fall Clash - E & Under Registration periods have not been set.,"Honesdale, PA",PA,5,Local,View Details,https://member.usfencing.org/details/tournaments/13402,2026-10-06T03:42:50.274211Z
12,"Nov 8, 2026",2026-11-08,2026-11-08,The Line Veteran Foil & Sabre Registration periods have not been set.,"Havertown, PA",PA,5,Local,View Details,https://member.usfencing.org/details/tournaments/13230,2026-10-06T03:42:50.274251Z
12,"Nov 8, 2026",2026-11-08,2026-11-08,TMFC Manhattan Youth Cup #2 Registration periods have not been set.,"New York, NY",NY,5,Local,View Details,https://member.usfencing.org/details/tournaments/13343,2026-10-06T03:42:50.274289Z
13,"Nov 8, 2026",2026-11-08,2026-11-08,Wanglei Fencing November Cup I: Senior Epee Registration periods have not been set.,"Plainsboro, NJ",NJ,5,Local,View Details,https://member.usfencing.org/details/tournaments/12939,2026-10-06T03:42:51.292628Z
13,"Nov 8, 2026",2026-11-08,2026-11-08,Y10/Y12/Y14 Youth Challenge #5 at Medeo Registration periods have not been set.,"Scotch Plains, NJ",NJ,5,Local,View Details,https://member.usfencing.org/details/tournaments/12973,2026-10-06T03:42:51.292691Z
13,"Nov 10, 2026",2026-11-10,2026-11-10,NJFA - Div. 3 and Y8-Y14 Epee Registration periods have not been set.,"Maplewood, NJ",NJ,5,Local,View Details,https://member.usfencing.org/details/tournaments/13055,2026-10-06T03:42:51.292737Z
13,"Nov 11, 2026",2026-11-11,2026-11-11,H3 Oreo Cup 2026 Senior (No. 1) Registration periods have not been set.,"East Northport, NY",NY,5,Local,View Details,https://member.usfencing.org/details/tournaments/13264,2026-10-06T03:42:51.292813Z
13,"Nov 12, 2026",2026-11-12,2026-11-12,Bozeman Tournament Nov 12th Registration periods have not been set.,"Bozeman, MT",MT,1,Local,View Details,https://member.usfencing.org/details/tournaments/13193,2026-10-06T03:42:51.292859Z
13,"Nov 12 - 14, 2026",2026-11-12,2026-11-14,"Designated FIE Senior World Cup - Indiv & Team, Men’s Epee - Berne Open registration closes on Oct 20.","Berne, Switzerland",,,Local,Register Now,https://member.usfencing.org/details/tournaments/12699,2026-10-06T03:42:51.292905Z
13,"Nov 12 - 15, 2026",2026-11-12,2026-11-15,"Designated FIE Senior World Cup - Indiv & Team, Women’s Foil - Palma de Mallorca Open registration closes on Oct 20.","Palma de Mallorca, Spain",,,Local,Register Now,https://member.usfencing.org/details/tournaments/12702,2026-10-06T03:42:51.292949Z
13,"Nov 12 - 15, 2026",2026-11-12,2026-11-15,"Designated FIE Senior World Cup - Indiv & Team, Women’s Saber - Cairo Open registration closes on Oct 20.","Cairo, Egypt",,,Local,Register Now,https://member.usfencing.org/details/tournaments/12703,2026-10-06T03:42:51.293005Z
13,"Nov 13, 2026",2026-11-13,2026-11-13,Freehold Fencing - Division 2 Foil Registration periods have not been set.,"Freehold, NJ",NJ,5,Local,View Details,https://member.usfencing.org/details/tournaments/12505,2026-10-06T03:42:51.293045Z
13,"Nov 13, 2026",2026-11-13,2026-11-13,Friday Night Fencing Registration periods have not been set.,"Noblesville, IN",IN,3,Local,View Details,https://member.usfencing.org/details/tournaments/12538,2026-10-06T03:42:51.293084Z
13,"Nov 13, 2026",2026-11-13,2026-11-13,Manchen Friday Night Epee E & Under Registration periods have not been set.,"Whitehouse Station, NJ",NJ,5,Local,View Details,https://member.usfencing.org/details/tournaments/12528,2026-10-06T03:42:51.293123Z
13,"Nov 13 - 14, 2026",2026-11-13,2026-11-14,Skyward Fencing November Competition Registration periods have not been set.,"South Barrington, IL",IL,2,Local,View Details,https://member.usfencing.org/details/tournaments/12561,2026-10-06T03:42:51.293167Z
13,"Nov 13 - 15, 2026",2026-11-13,2026-11-15,"Designated FIE Senior World Cup - Indiv & Team, Men’s Foil - Palma de Mallorca Open registration closes on Oct 20.","Palma de Mallorca, Spain",,,Local,Register Now,https://member.usfencing.org/details/tournaments/12700,2026-10-06T03:42:51.293210Z
13,"Nov 13 - 15, 2026",2026-11-13,2026-11-15,"Designated FIE Senior World Cup - Indiv & Team, Men’s Saber - Cairo Open registration closes on Oct 20.","Cairo, Egypt",,,Local,Register Now,https://member.usfencing.org/details/tournaments/12701,2026-10-06T03:42:51.293251Z
13,"Nov 13 - 15, 2026",2026-11-13,2026-11-15,"Designated FIE Senior World Cup - Indiv & Team, Women’s Epee - Wuxi Open registration closes on Oct 20.","Wuxi, China",,,Local,Register Now,https://member.usfencing.org/details/tournaments/12704,2026-10-06T03:42:51.293289Z
13,"Nov 13 - 15, 2026",2026-11-13,2026-11-15,RYC/RJC of the Rockies Open registration closes on Nov 1.,"Denver Fencing Center Denver, CO",CO,4,"RYC,ROC",Register Now,https://member.usfencing.org/details/tournaments/12113,2026-10-06T03:42:51.293328Z
13,"Nov 14, 2026",2026-11-14,2026-11-14,Blue Box Open Registration periods have not been set.,"Columbus, OH",OH,3,Local,View Details,https://member.usfencing.org/details/tournaments/13112,2026-10-06T03:42:51.293367Z
13,"Nov 14, 2026",2026-11-14,2026-11-14,Central Florida Division Qualifier for Junior Olympics 26/27 Registration periods have not been set.,"Orlando, FL",FL,3,Local,View Details,https://member.usfencing.org/details/tournaments/13426,2026-10-06T03:42:51.293408Z
13,"Nov 14, 2026",2026-11-14,2026-11-14,FAOP North Women's Unrated Foil Registration periods have not been set.,"Wyncote, PA",PA,5,Local,View Details,https://member.usfencing.org/details/tournaments/13231,2026-10-06T03:42:51.293447Z
13,"Nov 14, 2026",2026-11-14,2026-11-14,FCMC Senior Div3 Foil Registration periods have not been set.,"Robbinsville, NJ",NJ,5,Local,View Details,https://member.usfencing.org/details/tournaments/12558,2026-10-06T03:42:51.293484Z
14,"Nov 14, 2026",2026-11-14,2026-11-14,FIU 1st Annual Blue and Gold (FIFC #1) Registration periods have not been set.,"Miami, FL",FL,3,Local,View Details,https://member.usfencing.org/details/tournaments/13376,2026-10-06T03:42:52.200656Z
14,"Nov 14, 2026",2026-11-14,2026-11-14,Mettapalli Challenge Registration periods have not been set.,"Overland Park, KS",KS,2,Local,View Details,https://member.usfencing.org/details/tournaments/12869,2026-10-06T03:42:52.200718Z
14,"Nov 14, 2026",2026-11-14,2026-11-14,"Non-Designated EFC Cadet Event - Indiv, Men’s Saber Open registration closes on Oct 13.","Pau, France",,,Local,Register Now,https://member.usfencing.org/details/tournaments/12752,2026-10-06T03:42:52.200795Z
14,"Nov 14, 2026",2026-11-14,2026-11-14,"Non-Designated EFC Cadet Event - Indiv, Women’s Saber Open registration closes on Oct 13.","Pau, France",,,Local,Register Now,https://member.usfencing.org/details/tournaments/12765,2026-10-06T03:42:52.200846Z
14,"Nov 14, 2026",2026-11-14,2026-11-14,North Dakota Division Junior Olympic Qualifiers Registration periods have not been set.,"FARGO, ND",ND,2,Local,View Details,https://member.usfencing.org/details/tournaments/13396,2026-10-06T03:42:52.200889Z
14,"Nov 14, 2026",2026-11-14,2026-11-14,NOVEMBER FCC OPEN & YOUTH TOURNAMENT Registration periods have not been set.,"Park Ridge, IL",IL,2,Local,View Details,https://member.usfencing.org/details/tournaments/12913,2026-10-06T03:42:52.200931Z
14,"Nov 14, 2026",2026-11-14,2026-11-14,OFC Youth Cup - November 2026 Registration periods have not been set.,"Dublin, OH",OH,3,Local,View Details,https://member.usfencing.org/details/tournaments/13139,2026-10-06T03:42:52.200971Z
14,"Nov 14, 2026",2026-11-14,2026-11-14,RFC Youth Epee Registration periods have not been set.,"West Chester, PA",PA,5,Local,View Details,https://member.usfencing.org/details/tournaments/13232,2026-10-06T03:42:52.201010Z
14,"Nov 14 - 15, 2026",2026-11-14,2026-11-15,"Designated EFC Cadet Event - Indiv & Team, Women’s Foil - Dresden Open registration closes on Oct 13.","Dresden, Germany",,,Local,Register Now,https://member.usfencing.org/details/tournaments/12649,2026-10-06T03:42:52.201056Z
14,"Nov 14 - 15, 2026",2026-11-14,2026-11-15,Junior Olympic Qualifier Registration periods have not been set.,"Pasadena, CA",CA,4,Local,View Details,https://member.usfencing.org/details/tournaments/13265,2026-10-06T03:42:52.201099Z
14,"Nov 14 - 15, 2026",2026-11-14,2026-11-15,Kiefer Meinhardt Cup SYC/RJCC/Y8 Open registration closes on Nov 1.,"Henrico Sports and Events Center Glen Allen, VA",VA,5,"SYC,RJCC",Register Now,https://member.usfencing.org/details/tournaments/12117,2026-10-06T03:42:52.201140Z
14,"Nov 14 - 15, 2026",2026-11-14,2026-11-15,"Non-Designated EFC Cadet Event - Indiv, Men’s Foil Open registration closes on Oct 13.","Dresden, Germany",,,Local,Register Now,https://member.usfencing.org/details/tournaments/12751,2026-10-06T03:42:52.201181Z
14,"Nov 14 - 15, 2026",2026-11-14,2026-11-15,Pizza RYC/RJCC Open registration closes on Oct 23.,"Floyd Little Athletic Center New Haven, CT",CT,6,"RYC,RJCC",Register Now,https://member.usfencing.org/details/tournaments/12111,2026-10-06T03:42:52.201221Z
14,"Nov 14 - 15, 2026",2026-11-14,2026-11-15,Rain City Fall RYC Open registration closes on Nov 1.,"Rain City Fencing Center Bellevue, WA",WA,1,RYC,Register Now,https://member.usfencing.org/details/tournaments/12109,2026-10-06T03:42:52.201259Z
14,"Nov 14 - 15, 2026",2026-11-14,2026-11-15,Szathmary Smackdown III Registration periods have not been set.,"Knoxville, TN",TN,3,Local,View Details,https://member.usfencing.org/details/tournaments/12398,2026-10-06T03:42:52.201297Z
14,"Nov 14 - 15, 2026",2026-11-14,2026-11-15,The Crescent City Open Open registration closes on Nov 1.,"Fitness by Hilton / Riverside Hilton New Orleans, LA",LA,2,Local,Register Now,https://member.usfencing.org/details/tournaments/12115,2026-10-06T03:42:52.201339Z
14,"Nov 15, 2026",2026-11-15,2026-11-15,Atomic Youth Registration periods have not been set.,"Iowa City, IA",IA,2,Local,View Details,https://member.usfencing.org/details/tournaments/13076,2026-10-06T03:42:52.201380Z
14,"Nov 15, 2026",2026-11-15,2026-11-15,Capitol Division Junior Olympics Qualifiers Registration periods have not been set.,,,,Local,View Details,https://member.usfencing.org/details/tournaments/13085,2026-10-06T03:42:52.201420Z
14,"Nov 15, 2026",2026-11-15,2026-11-15,Delaware Valley Open Sabre Registration periods have not been set.,"Conshohocken, PA",PA,5,Local,View Details,https://member.usfencing.org/details/tournaments/13233,2026-10-06T03:42:52.201460Z
14,"Nov 15, 2026",2026-11-15,2026-11-15,FAOP North Div 2 & Unrated Foil Registration periods have not been set.,"Wyncote, PA",PA,5,Local,View Details,https://member.usfencing.org/details/tournaments/13234,2026-10-06T03:42:52.201498Z
15,"Nov 15, 2026",2026-11-15,2026-11-15,Freehold Fencing - November Open Epee Registration periods have not been set.,"Freehold, NJ",NJ,5,Local,View Details,https://member.usfencing.org/details/tournaments/12494,2026-10-06T03:42:53.065937Z
15,"Nov 15, 2026",2026-11-15,2026-11-15,Mears Memorial Registration periods have not been set.,"Hudson, OH",OH,3,Local,View Details,https://member.usfencing.org/details/tournaments/13206,2026-10-06T03:42:53.065995Z
15,"Nov 15, 2026",2026-11-15,2026-11-15,NOVEMBER FCC OPEN & YOUTH TOURNAMENT Registration periods have not been set.,"Park Ridge, IL",IL,2,Local,View Details,https://member.usfencing.org/details/tournaments/12914,2026-10-06T03:42:53.066041Z
15,"Nov 15, 2026",2026-11-15,2026-11-15,RCFC Gobbler's Preview Registration periods have not been set.,"Staten Island, NY",NY,5,Local,View Details,https://member.usfencing.org/details/tournaments/13338,2026-10-06T03:42:53.066083Z
15,"Nov 15, 2026",2026-11-15,2026-11-15,Sebastiani Thanksgiving Thrust Registration periods have not been set.,"Princeton, NJ",NJ,5,Local,View Details,https://member.usfencing.org/details/tournaments/13073,2026-10-06T03:42:53.066123Z
15,"Nov 15, 2026",2026-11-15,2026-11-15,Wanglei Fencing November Cup II: Cadet/Junior Epee Registration periods have not been set.,"Plainsboro, NJ",NJ,5,Local,View Details,https://member.usfencing.org/details/tournaments/12940,2026-10-06T03:42:53.066163Z
15,"Nov 18, 2026",2026-11-18,2026-11-18,NJFA - Div. 3 and Y8-Y14 Saber Registration periods have not been set.,"Maplewood, NJ",NJ,5,Local,View Details,https://member.usfencing.org/details/tournaments/13056,2026-10-06T03:42:53.066204Z
15,"Nov 19, 2026",2026-11-19,2026-11-19,NJFA - Div. 3 and Y8-Y14 Foil Registration periods have not been set.,"Maplewood, NJ",NJ,5,Local,View Details,https://member.usfencing.org/details/tournaments/13057,2026-10-06T03:42:53.066243Z
15,"Nov 20, 2026",2026-11-20,2026-11-20,Bozeman Tournament Nov 20th Registration periods have not been set.,"Bozeman, MT",MT,1,Local,View Details,https://member.usfencing.org/details/tournaments/13194,2026-10-06T03:42:53.066282Z
15,"Nov 20, 2026",2026-11-20,2026-11-20,Freehold Fencing - November Junior Epee Registration periods have not been set.,"Freehold, NJ",NJ,5,Local,View Details,https://member.usfencing.org/details/tournaments/12495,2026-10-06T03:42:53.066321Z
15,"Nov 20 - 23, 2026",2026-11-20,2026-11-23,November NAC Late registration closes on Nov 19.,"Greater Columbus Convention Center Columbus, OH",OH,3,NAC,Register Now!,https://member.usfencing.org/details/tournaments/12316,2026-10-06T03:42:53.066361Z
15,"Nov 21, 2026",2026-11-21,2026-11-21,Butterball Bash (Queens Fencing Club Div1A mixed saber/foil/epee) Registration periods have not been set.,"Forest Hills, NY",NY,5,Local,View Details,https://member.usfencing.org/details/tournaments/12592,2026-10-06T03:42:53.066406Z
15,"Nov 21, 2026",2026-11-21,2026-11-21,Durkan Sabre Youth Cup #2 Registration periods have not been set.,"Ridgewood, NJ",NJ,5,Local,View Details,https://member.usfencing.org/details/tournaments/13318,2026-10-06T03:42:53.066452Z
15,"Nov 21, 2026",2026-11-21,2026-11-21,FAOP North Women's & Mixed Unrated Epee Registration periods have not been set.,"Wyncote, PA",PA,5,Local,View Details,https://member.usfencing.org/details/tournaments/13235,2026-10-06T03:42:53.066491Z
15,"Nov 21, 2026",2026-11-21,2026-11-21,FCMC Senior Div3 Sabre Registration periods have not been set.,"Robbinsville, NJ",NJ,5,Local,View Details,https://member.usfencing.org/details/tournaments/12554,2026-10-06T03:42:53.066533Z
15,"Nov 21, 2026",2026-11-21,2026-11-21,Hoosier Cup - November Registration periods have not been set.,"Columbus, IN",IN,3,Local,View Details,https://member.usfencing.org/details/tournaments/12424,2026-10-06T03:42:53.066574Z
15,"Nov 21, 2026",2026-11-21,2026-11-21,Mirabeau Lamar Memorial Registration periods have not been set.,"Texas City, TX",TX,2,Local,View Details,https://member.usfencing.org/details/tournaments/13074,2026-10-06T03:42:53.066614Z
15,"Nov 21, 2026",2026-11-21,2026-11-21,"Non-Designated EFC Cadet Event - Indiv, Men’s Foil Open registration closes on Oct 20.","Budapest, Hungary",,,Local,Register Now,https://member.usfencing.org/details/tournaments/12742,2026-10-06T03:42:53.066656Z
15,"Nov 21, 2026",2026-11-21,2026-11-21,PFC Adult Epee Registration periods have not been set.,"Philadelphia, PA",PA,5,Local,View Details,https://member.usfencing.org/details/tournaments/13236,2026-10-06T03:42:53.066695Z
15,"Nov 21, 2026",2026-11-21,2026-11-21,"The Queen's Gambit - aka ""Addicted to Fencing"" Registration periods have not been set.","Bay City, MI",MI,3,Local,View Details,https://member.usfencing.org/details/tournaments/13361,2026-10-06T03:42:53.066734Z
16,"Nov 21 - 22, 2026",2026-11-21,2026-11-22,"Non-Designated EFC Cadet Event - Indiv, Men’s Epee Open registration closes on Oct 20.","Grenoble, France",,,Local,Register Now,https://member.usfencing.org/details/tournaments/12741,2026-10-06T03:42:53.977783Z
16,"Nov 21 - 22, 2026",2026-11-21,2026-11-22,"Non-Designated EFC Cadet Event - Indiv, Women’s Epee Open registration closes on Oct 20.","Grenoble, France",,,Local,Register Now,https://member.usfencing.org/details/tournaments/12766,2026-10-06T03:42:53.977853Z
16,"Nov 22, 2026",2026-11-22,2026-11-22,FFA Open Epee & Foil Registration periods have not been set.,"Coplay, PA",PA,5,Local,View Details,https://member.usfencing.org/details/tournaments/13237,2026-10-06T03:42:53.977901Z
16,"Nov 22, 2026",2026-11-22,2026-11-22,Freehold Fencing - November Youth Foil & Epee Registration periods have not been set.,"Freehold, NJ",NJ,5,Local,View Details,https://member.usfencing.org/details/tournaments/12503,2026-10-06T03:42:53.977945Z
16,"Nov 22, 2026",2026-11-22,2026-11-22,"Non-Designated EFC Cadet Event - Indiv, Women’s Foil Open registration closes on Oct 20.","Budapest, Hungary",,,Local,Register Now,https://member.usfencing.org/details/tournaments/12744,2026-10-06T03:42:53.977988Z
16,"Nov 22, 2026",2026-11-22,2026-11-22,"November to Remember - ""D"" and Under Registration periods have not been set.","Lincoln, NE",NE,2,Local,View Details,https://member.usfencing.org/details/tournaments/13090,2026-10-06T03:42:53.978030Z
16,"Nov 22, 2026",2026-11-22,2026-11-22,Youth Foil Registration periods have not been set.,"New York, NY",NY,5,Local,View Details,https://member.usfencing.org/details/tournaments/12614,2026-10-06T03:42:53.978069Z
16,"Nov 24, 2026",2026-11-24,2026-11-24,NJFA - Div. 3 and Y8-Y14 Foil Registration periods have not been set.,"Maplewood, NJ",NJ,5,Local,View Details,https://member.usfencing.org/details/tournaments/13058,2026-10-06T03:42:53.978109Z
16,"Nov 26, 2026",2026-11-26,2026-11-26,"Designated FIE Cadet World Cup - Indiv, Men’s Saber - Boston Open registration closes on Nov 10.",Boston,,,Local,Register Now,https://member.usfencing.org/details/tournaments/12664,2026-10-06T03:42:53.978150Z
16,"Nov 26, 2026",2026-11-26,2026-11-26,"Designated FIE Cadet World Cup - Indiv, Women’s Saber - Boston Open registration closes on Nov 10.",Boston,,,Local,Register Now,https://member.usfencing.org/details/tournaments/12666,2026-10-06T03:42:53.978190Z
16,"Nov 26, 2026",2026-11-26,2026-11-26,"Non-Designated FIE Cadet World Cup - Indiv, Men’s Epee Open registration closes on Oct 27.","Novi Sad, Serbia",,,Local,Register Now,https://member.usfencing.org/details/tournaments/12787,2026-10-06T03:42:53.978230Z
16,"Nov 26, 2026",2026-11-26,2026-11-26,"Non-Designated FIE Cadet World Cup - Indiv, Men’s Foil Open registration closes on Oct 27.","Samorin, Slovakia",,,Local,Register Now,https://member.usfencing.org/details/tournaments/12788,2026-10-06T03:42:53.978269Z
16,"Nov 26, 2026",2026-11-26,2026-11-26,"Non-Designated FIE Cadet World Cup - Indiv, Women’s Epee Open registration closes on Oct 27.","Novi Sad, Serbia",,,Local,Register Now,https://member.usfencing.org/details/tournaments/12807,2026-10-06T03:42:53.978308Z
16,"Nov 26, 2026",2026-11-26,2026-11-26,"Non-Designated FIE Cadet World Cup - Indiv, Women’s Foil Open registration closes on Oct 27.","Samorin, Slovakia",,,Local,Register Now,https://member.usfencing.org/details/tournaments/12808,2026-10-06T03:42:53.978352Z
16,"Nov 27 - 29, 2026",2026-11-27,2026-11-29,Cobra Challenge SYC/RCC Open registration closes on Nov 1.,"Meadowlands Expo Center Secaucus, NJ",NJ,5,"SYC,RJCC",Register Now,https://member.usfencing.org/details/tournaments/12119,2026-10-06T03:42:53.978393Z
16,"Nov 27 - 29, 2026",2026-11-27,2026-11-29,Designated FIE Junior World Cup - Indiv & Team Men’s Foil - Samorin Open registration closes on Nov 10.,"Samorin, Slovakia",,,Local,Register Now,https://member.usfencing.org/details/tournaments/12826,2026-10-06T03:42:53.978433Z
16,"Nov 27 - 29, 2026",2026-11-27,2026-11-29,"Designated FIE Junior World Cup - Indiv & Team, Men’s Epee - Novi Sad Open registration closes on Oct 27.","Novi Sad, Serbia",,,Local,Register Now,https://member.usfencing.org/details/tournaments/12675,2026-10-06T03:42:53.978473Z
16,"Nov 27 - 29, 2026",2026-11-27,2026-11-29,"Designated FIE Junior World Cup - Indiv & Team, Women’s Epee - Novi Sad Open registration closes on Oct 27.","Novi Sad, Serbia",,,Local,Register Now,https://member.usfencing.org/details/tournaments/12676,2026-10-06T03:42:53.978513Z
16,"Nov 27 - 29, 2026",2026-11-27,2026-11-29,"Designated FIE Junior World Cup - Indiv & Team, Women’s Foil - Samorin Open registration closes on Nov 10.","Samorin, Slovakia",,,Local,Register Now,https://member.usfencing.org/details/tournaments/12687,2026-10-06T03:42:53.978551Z
16,"Nov 27 - 29, 2026",2026-11-27,2026-11-29,"Designated FIE Junior World Cup - Indiv & Team, Women’s Saber - Boston Open registration closes on Nov 10.",Boston,,,Local,Register Now,https://member.usfencing.org/details/tournaments/12688,2026-10-06T03:42:53.978589Z
17,"Nov 28, 2026",2026-11-28,2026-11-28,2026 Turkey Poke Registration periods have not been set.,"Collierville, TN",TN,3,Local,View Details,https://member.usfencing.org/details/tournaments/13279,2026-10-06T03:42:54.894953Z
17,"Nov 28, 2026",2026-11-28,2026-11-28,Ataba Fencing Club November Challenge Registration periods have not been set.,"Hartland, WI",WI,2,Local,View Details,https://member.usfencing.org/details/tournaments/12894,2026-10-06T03:42:54.895016Z
17,"Nov 28, 2026",2026-11-28,2026-11-28,Gobble Gobble Open Registration periods have not been set.,"Beachwood, OH",OH,3,Local,View Details,https://member.usfencing.org/details/tournaments/13210,2026-10-06T03:42:54.895067Z
17,"Nov 28, 2026",2026-11-28,2026-11-28,November Jackpot Epee Registration periods have not been set.,"Oklahoma City, OK",OK,2,Local,View Details,https://member.usfencing.org/details/tournaments/13331,2026-10-06T03:42:54.895113Z
17,"Nov 28, 2026",2026-11-28,2026-11-28,"Pacific Northwest Cup #2 (Y10, Y12, Y14 Foil - Y14 Epee) Registration periods have not been set.","Tigard, OR",OR,1,Local,View Details,https://member.usfencing.org/details/tournaments/13381,2026-10-06T03:42:54.895155Z
17,"Nov 28, 2026",2026-11-28,2026-11-28,Wisconsin Division Qualifier for Junior Olympics Registration periods have not been set.,"Harltand, WI",WI,2,Local,View Details,https://member.usfencing.org/details/tournaments/12902,2026-10-06T03:42:54.895195Z
17,"Nov 28 - 29, 2026",2026-11-28,2026-11-29,"Designated FIE Junior World Cup - Indiv & Team, Men’s Saber - Boston Open registration closes on Nov 10.",Boston,,,Local,Register Now,https://member.usfencing.org/details/tournaments/12683,2026-10-06T03:42:54.895239Z
17,"Nov 29, 2026",2026-11-29,2026-11-29,Epee Extravaganza Registration periods have not been set.,"Noblesville, IN",IN,3,Local,View Details,https://member.usfencing.org/details/tournaments/12541,2026-10-06T03:42:54.895280Z
17,"Nov 29, 2026",2026-11-29,2026-11-29,NorCal JO qualifiers Registration periods have not been set.,"San Francisco, CA",CA,4,Local,View Details,https://member.usfencing.org/details/tournaments/13377,2026-10-06T03:42:54.895320Z
17,"Nov 29, 2026",2026-11-29,2026-11-29,"NWFC Open & Unrated #2 (Open Foil & Epee - Unrated Foil, Epee & Saber) Registration periods have not been set.","Tigard, OR",OR,1,Local,View Details,https://member.usfencing.org/details/tournaments/13383,2026-10-06T03:42:54.895359Z
17,"Nov 29, 2026",2026-11-29,2026-11-29,WWD JO Qualifiers Registration periods have not been set.,"Bellevue, WA",WA,1,Local,View Details,https://member.usfencing.org/details/tournaments/12999,2026-10-06T03:42:54.895397Z
17,"Dec 1, 2026",2026-12-01,2026-12-01,NJFA - Div. 3 and Y8-Y14 Epee Registration periods have not been set.,"Maplewood, NJ",NJ,5,Local,View Details,https://member.usfencing.org/details/tournaments/13059,2026-10-06T03:42:54.895437Z
17,"Dec 2, 2026",2026-12-02,2026-12-02,NJFA - Div. 3 and Y8-Y14 Saber Registration periods have not been set.,"Maplewood, NJ",NJ,5,Local,View Details,https://member.usfencing.org/details/tournaments/13060,2026-10-06T03:42:54.895475Z
17,"Dec 3, 2026",2026-12-03,2026-12-03,Bozeman Tournament Dec 3rd Registration periods have not been set.,"Bozeman, MT",MT,1,Local,View Details,https://member.usfencing.org/details/tournaments/13195,2026-10-06T03:42:54.895512Z
17,"Dec 3 - 5, 2026",2026-12-03,2026-12-05,"Designated Senior FIE Grand Prix - Indiv, Men’s Saber - Orleans Open registration closes on Nov 17.","Orléans, France",,,Local,Register Now,https://member.usfencing.org/details/tournaments/12729,2026-10-06T03:42:54.895555Z
17,"Dec 3 - 5, 2026",2026-12-03,2026-12-05,"Designated Senior FIE Grand Prix - Indiv, Women’s Saber - Orleans Open registration closes on Nov 17.","Orléans, France",,,Local,Register Now,https://member.usfencing.org/details/tournaments/12735,2026-10-06T03:42:54.895597Z
17,"Dec 3 - 6, 2026",2026-12-03,2026-12-06,"Designated FIE Senior World Cup - Indiv & Team, Men’s Epee - Vancouver Open registration closes on Nov 17.","Vancouver, Canada",,,Local,Register Now,https://member.usfencing.org/details/tournaments/12714,2026-10-06T03:42:54.895639Z
17,"Dec 3 - 6, 2026",2026-12-03,2026-12-06,"Designated FIE Senior World Cup - Indiv & Team, Women’s Epee Open registration closes on Nov 17.","Vancouver, Canada",,,Local,Register Now,https://member.usfencing.org/details/tournaments/12718,2026-10-06T03:42:54.895681Z
17,"Dec 4, 2026",2026-12-04,2026-12-04,Freehold Fencing - E & U Foil Registration periods have not been set.,"Freehold, NJ",NJ,5,Local,View Details,https://member.usfencing.org/details/tournaments/12499,2026-10-06T03:42:54.895725Z
17,"Dec 4, 2026",2026-12-04,2026-12-04,Friday Night Fight Registration periods have not been set.,"Norwalk, CT",CT,6,Local,View Details,https://member.usfencing.org/details/tournaments/13375,2026-10-06T03:42:54.895785Z
18,"Dec 4 - 6, 2026",2026-12-04,2026-12-06,December SJCC Open registration closes 2 days from now.,"Baird Center Milwaukee, WI",WI,2,Local,Register Now,https://member.usfencing.org/details/tournaments/12428,2026-10-06T03:42:55.765438Z
18,"Dec 4 - 6, 2026",2026-12-04,2026-12-06,"Designated EFC Cadet Event - Indiv & Team, Men’s Foil - Cabries Open registration closes on Nov 10.","Cabries, France",,,Local,Register Now,https://member.usfencing.org/details/tournaments/12650,2026-10-06T03:42:55.765503Z
18,"Dec 5, 2026",2026-12-05,2026-12-05,6th Annual Denison University Winter Open Registration periods have not been set.,"Granville, OH",OH,3,Local,View Details,https://member.usfencing.org/details/tournaments/13113,2026-10-06T03:42:55.765550Z
18,"Dec 5, 2026",2026-12-05,2026-12-05,Cavaliers & Rogues Registration periods have not been set.,"Texas City, TX",TX,2,Local,View Details,https://member.usfencing.org/details/tournaments/13075,2026-10-06T03:42:55.765594Z
18,"Dec 5, 2026",2026-12-05,2026-12-05,"December Capital Foil & Epee Circuit: Unrated, E&U, Youth Registration periods have not been set.","Sacramento, CA",CA,4,Local,View Details,https://member.usfencing.org/details/tournaments/13412,2026-10-06T03:42:55.765636Z
18,"Dec 5, 2026",2026-12-05,2026-12-05,FAOP North Women's Unrated Foil Registration periods have not been set.,"Wyncote, PA",PA,5,Local,View Details,https://member.usfencing.org/details/tournaments/13238,2026-10-06T03:42:55.765675Z
18,"Dec 5, 2026",2026-12-05,2026-12-05,FCMC Senior Open Sabre Registration periods have not been set.,"Robbinsville, NJ",NJ,5,Local,View Details,https://member.usfencing.org/details/tournaments/12555,2026-10-06T03:42:55.765721Z
18,"Dec 5, 2026",2026-12-05,2026-12-05,"Gold, Frankincense, and Myrrhder Registration periods have not been set.","Wilmington, NC",NC,3,Local,View Details,https://member.usfencing.org/details/tournaments/13416,2026-10-06T03:42:55.765785Z
18,"Dec 5, 2026",2026-12-05,2026-12-05,"Non-Designated EFC Cadet Event - Indiv, Men’s Epee Open registration closes on Nov 3.","Copenhagen, Denmark",,,Local,Register Now,https://member.usfencing.org/details/tournaments/12753,2026-10-06T03:42:55.765835Z
18,"Dec 5, 2026",2026-12-05,2026-12-05,"Non-Designated EFC Cadet Event - Indiv, Women’s Epee Open registration closes on Nov 3.","Copenhagen, Denmark",,,Local,Register Now,https://member.usfencing.org/details/tournaments/12767,2026-10-06T03:42:55.765878Z
18,"Dec 5, 2026",2026-12-05,2026-12-05,Owl Open Registration periods have not been set.,"Kennesaw, GA",GA,3,Local,View Details,https://member.usfencing.org/details/tournaments/12601,2026-10-06T03:42:55.765918Z
18,"Dec 5, 2026",2026-12-05,2026-12-05,Snow or No Snow Registration periods have not been set.,"Traverse City, MI",MI,3,Local,View Details,https://member.usfencing.org/details/tournaments/13354,2026-10-06T03:42:55.765957Z
18,"Dec 5 - 6, 2026",2026-12-05,2026-12-06,"Designated EFC Cadet Event - Indiv & Team, Women’s Foil - Cabries Open registration closes on Nov 24.","Cabries, France",,,Local,Register Now,https://member.usfencing.org/details/tournaments/12659,2026-10-06T03:42:55.765998Z
18,"Dec 5 - 6, 2026",2026-12-05,2026-12-06,RCFC Youth #2 Registration periods have not been set.,"Bellevue, WA",WA,1,Local,View Details,https://member.usfencing.org/details/tournaments/13022,2026-10-06T03:42:55.766036Z
18,"Dec 5 - 6, 2026",2026-12-05,2026-12-06,USF 14th Annual Fall Tournament Registration periods have not been set.,"Tampa, FL",FL,3,Local,View Details,https://member.usfencing.org/details/tournaments/13125,2026-10-06T03:42:55.766073Z
18,"Dec 5 - 6, 2026",2026-12-05,2026-12-06,Youth Saber Challenge Registration periods have not been set.,"Rockville, MD",MD,5,Local,View Details,https://member.usfencing.org/details/tournaments/12877,2026-10-06T03:42:55.766113Z
18,"Dec 6, 2026",2026-12-06,2026-12-06,2026 South Texas Qualifier for Junior Olympic 2027 Registration periods have not been set.,"Austin, TX",TX,2,Local,View Details,https://member.usfencing.org/details/tournaments/13322,2026-10-06T03:42:55.766154Z
18,"Dec 6, 2026",2026-12-06,2026-12-06,AFFA - Youth Tournament + Div 2 + Senior Open Registration periods have not been set.,"Garwood, NJ",NJ,5,Local,View Details,https://member.usfencing.org/details/tournaments/12985,2026-10-06T03:42:55.766195Z
18,"Dec 6, 2026",2026-12-06,2026-12-06,FAOP North Youth Foil Registration periods have not been set.,"Wyncote, PA",PA,5,Local,View Details,https://member.usfencing.org/details/tournaments/13239,2026-10-06T03:42:55.766234Z
18,"Dec 6, 2026",2026-12-06,2026-12-06,Freehold Fencing - Youth Foil & Epee Registration periods have not been set.,"Freehold, NJ",NJ,5,Local,View Details,https://member.usfencing.org/details/tournaments/12500,2026-10-06T03:42:55.766276Z
19,"Dec 6, 2026",2026-12-06,2026-12-06,Hollyday Open Registration periods have not been set.,"Iowa City, IA",IA,2,Local,View Details,https://member.usfencing.org/details/tournaments/13077,2026-10-06T03:42:56.579759Z
19,"Dec 6, 2026",2026-12-06,2026-12-06,Maximum Foil Challenge Registration periods have not been set.,"Los Altos, CA",CA,4,Local,View Details,https://member.usfencing.org/details/tournaments/13336,2026-10-06T03:42:56.579844Z
19,"Dec 6, 2026",2026-12-06,2026-12-06,Michigan Division Junior Olympic Qualifier Registration periods have not been set.,"Troy, MI",MI,3,Local,View Details,https://member.usfencing.org/details/tournaments/13366,2026-10-06T03:42:56.579891Z
19,"Dec 6, 2026",2026-12-06,2026-12-06,NIFC 2 Weapon Winter Classic Registration periods have not been set.,"St John, IN",IN,3,Local,View Details,https://member.usfencing.org/details/tournaments/12590,2026-10-06T03:42:56.579935Z
19,"Dec 6, 2026",2026-12-06,2026-12-06,The Line Women's & Div 3 Foil Registration periods have not been set.,"Havertown, PA",PA,5,Local,View Details,https://member.usfencing.org/details/tournaments/13240,2026-10-06T03:42:56.579978Z
19,"Dec 6, 2026",2026-12-06,2026-12-06,Tri-State Veteran Cup at Capital Fencing Academy Registration periods have not been set.,,,,Local,View Details,https://member.usfencing.org/details/tournaments/13168,2026-10-06T03:42:56.580018Z
19,"Dec 6, 2026",2026-12-06,2026-12-06,Winter 2026 South Texas Veteran Tournament Registration periods have not been set.,"Austin, TX",TX,2,Local,View Details,https://member.usfencing.org/details/tournaments/13324,2026-10-06T03:42:56.580059Z
19,"Dec 6, 2026",2026-12-06,2026-12-06,Youth Epee Registration periods have not been set.,"New York, NY",NY,5,Local,View Details,https://member.usfencing.org/details/tournaments/12615,2026-10-06T03:42:56.580099Z
19,"Dec 6, 2026",2026-12-06,2026-12-06,Youth Epee Challenge Registration periods have not been set.,"Rockville, MD",MD,5,Local,View Details,https://member.usfencing.org/details/tournaments/12878,2026-10-06T03:42:56.580138Z
19,"Dec 8, 2026",2026-12-08,2026-12-08,NJFA - Div. 3 and Y8-Y14 Epee Registration periods have not been set.,"Maplewood, NJ",NJ,5,Local,View Details,https://member.usfencing.org/details/tournaments/13061,2026-10-06T03:42:56.580176Z
19,"Dec 9, 2026",2026-12-09,2026-12-09,NJFA - Div. 3 and Y8-Y14 Saber Registration periods have not been set.,"Maplewood, NJ",NJ,5,Local,View Details,https://member.usfencing.org/details/tournaments/13062,2026-10-06T03:42:56.580215Z
19,"Dec 10, 2026",2026-12-10,2026-12-10,Bozeman Tournament Dec 10th Registration periods have not been set.,"Bozeman, MT",MT,1,Local,View Details,https://member.usfencing.org/details/tournaments/13196,2026-10-06T03:42:56.580252Z
19,"Dec 10 - 13, 2026",2026-12-10,2026-12-13,"Designated FIE Senior World Cup - Indiv & Team, Men’s Foil - Shanghai Open registration closes on Nov 17.","Shanghai, China",,,Local,Register Now,https://member.usfencing.org/details/tournaments/12705,2026-10-06T03:42:56.580303Z
19,"Dec 10 - 13, 2026",2026-12-10,2026-12-13,"Designated FIE Senior World Cup - Indiv & Team, Women’s Foil - Shanghai Open registration closes on Nov 17.","Shanghai, China",,,Local,Register Now,https://member.usfencing.org/details/tournaments/12706,2026-10-06T03:42:56.580352Z
19,"Dec 11, 2026",2026-12-11,2026-12-11,Freehold Fencing - December E & U Epee Registration periods have not been set.,"Freehold, NJ",NJ,5,Local,View Details,https://member.usfencing.org/details/tournaments/12502,2026-10-06T03:42:56.580397Z
19,"Dec 11, 2026",2026-12-11,2026-12-11,Friday Night Fencing Registration periods have not been set.,"Noblesville, IN",IN,3,Local,View Details,https://member.usfencing.org/details/tournaments/12539,2026-10-06T03:42:56.580437Z
19,"Dec 11, 2026",2026-12-11,2026-12-11,Manchen Friday Night Foil E & Under Registration periods have not been set.,"Whitehouse Station, NJ",NJ,5,Local,View Details,https://member.usfencing.org/details/tournaments/12530,2026-10-06T03:42:56.580477Z
19,"Dec 11, 2026",2026-12-11,2026-12-11,"Non-Designated FIE Cadet World Cup - Indiv, Men’s Epee Open registration closes on Nov 10.","Xiongan, China",,,Local,Register Now,https://member.usfencing.org/details/tournaments/12789,2026-10-06T03:42:56.580519Z
19,"Dec 11 - 12, 2026",2026-12-11,2026-12-12,JMU Open Registration periods have not been set.,"Fairfax, VA",VA,5,Local,View Details,https://member.usfencing.org/details/tournaments/12414,2026-10-06T03:42:56.580559Z
19,"Dec 11 - 13, 2026",2026-12-11,2026-12-13,Nick Itkin Cup SYC & Vet ROC Open registration closes on Nov 16.,"Palm Springs Convention Center Palm Springs, CA",CA,4,"SYC,ROC",Register Now,https://member.usfencing.org/details/tournaments/12143,2026-10-06T03:42:56.580597Z
20,"Dec 11 - 13, 2026",2026-12-11,2026-12-13,The Southern Y8/RYC/RJCC/ROC (VET/D1A/DV2)/RPC/TEAM Open registration closes on Nov 23.,"John T. Rhodes Myrtle Beach Sports Center Myrtle Beach, SC",SC,3,"RYC,RJCC,ROC",Register Now,https://member.usfencing.org/details/tournaments/12145,2026-10-06T03:42:57.423900Z
20,"Dec 12, 2026",2026-12-12,2026-12-12,Durkan E and Under Sabre Tournament Registration periods have not been set.,"Ridgewood, NJ",NJ,5,Local,View Details,https://member.usfencing.org/details/tournaments/13314,2026-10-06T03:42:57.423961Z
20,"Dec 12, 2026",2026-12-12,2026-12-12,FAOP North Women's Unrated Epee Registration periods have not been set.,"Wyncote, PA",PA,5,Local,View Details,https://member.usfencing.org/details/tournaments/13241,2026-10-06T03:42:57.424006Z
20,"Dec 12, 2026",2026-12-12,2026-12-12,FCMC Senior Div2 Foil Registration periods have not been set.,"Robbinsville, NJ",NJ,5,Local,View Details,https://member.usfencing.org/details/tournaments/12559,2026-10-06T03:42:57.424047Z
20,"Dec 12, 2026",2026-12-12,2026-12-12,"Non-Designated FIE Junior World Cup - Indiv, Men’s Epee Open registration closes on Nov 10.","Xiongan, China",,,Local,Register Now,https://member.usfencing.org/details/tournaments/12827,2026-10-06T03:42:57.424093Z
20,"Dec 12, 2026",2026-12-12,2026-12-12,Salisbury Fencing Mixed Open Epee Registration periods have not been set.,"Snow Hill, MD",MD,5,Local,View Details,https://member.usfencing.org/details/tournaments/13178,2026-10-06T03:42:57.424135Z
20,"Dec 12, 2026",2026-12-12,2026-12-12,Snow Showdown (Queens Fencing Club Div1A mixed saber/foil/epee) Registration periods have not been set.,"Forest Hills, NY",NY,5,Local,View Details,https://member.usfencing.org/details/tournaments/12593,2026-10-06T03:42:57.424175Z
20,"Dec 12 - 13, 2026",2026-12-12,2026-12-13,"Designated EFC Cadet Event - Indiv & Team, Men’s Saber - Eislingen Open registration closes on Dec 1.","Eislingen, Germany",,,Local,Register Now,https://member.usfencing.org/details/tournaments/12655,2026-10-06T03:42:57.424218Z
20,"Dec 12 - 13, 2026",2026-12-12,2026-12-13,"Designated EFC Cadet Event - Indiv & Team, Women’s Saber - Eislingen Open registration closes on Dec 1.","Eislingen, Germany",,,Local,Register Now,https://member.usfencing.org/details/tournaments/12660,2026-10-06T03:42:57.424259Z
20,"Dec 12 - 13, 2026",2026-12-12,2026-12-13,Fencing Center of Chicago RYC & RJC 2026 - 2027 - 2028. Open registration closes on Dec 7.,"Canlan Sports Barrington Lake Barrington, IL",IL,2,RYC,Register Now,https://member.usfencing.org/details/tournaments/12139,2026-10-06T03:42:57.424300Z
20,"Dec 12 - 13, 2026",2026-12-12,2026-12-13,"Non-Designated EFC Cadet Event - Indiv, Men’s Foil Open registration closes on Nov 10.","Zagreb, Croatia",,,Local,Register Now,https://member.usfencing.org/details/tournaments/12754,2026-10-06T03:42:57.424340Z
20,"Dec 12 - 13, 2026",2026-12-12,2026-12-13,"Non-Designated EFC Cadet Event - Indiv, Women’s Foil Open registration closes on Nov 10.","Zagreb, Croatia",,,Local,Register Now,https://member.usfencing.org/details/tournaments/12768,2026-10-06T03:42:57.424381Z
20,"Dec 12 - 13, 2026",2026-12-12,2026-12-13,Winter Friendlies 2026 with Houston Sword Sports Registration periods have not been set.,"Houston, TX",TX,2,Local,View Details,https://member.usfencing.org/details/tournaments/12439,2026-10-06T03:42:57.424421Z
20,"Dec 12 - 13, 2026",2026-12-12,2026-12-13,Z1 RYC/RJCC Open registration closes on Dec 1.,"NYA Sports & Fitness Newtown, CT",CT,6,"RYC,RJCC",Register Now,https://member.usfencing.org/details/tournaments/12141,2026-10-06T03:42:57.424458Z
20,"Dec 13, 2026",2026-12-13,2026-12-13,Adult combined Sol Fencing Winter Cup Registration periods have not been set.,"SAN MARCOS, CA",CA,4,Local,View Details,https://member.usfencing.org/details/tournaments/12849,2026-10-06T03:42:57.424497Z
20,"Dec 13, 2026",2026-12-13,2026-12-13,Durkan Open Sabre Tournament Registration periods have not been set.,"Ridgewood, NJ",NJ,5,Local,View Details,https://member.usfencing.org/details/tournaments/13319,2026-10-06T03:42:57.424536Z
20,"Dec 13, 2026",2026-12-13,2026-12-13,EBFG Epee Registration periods have not been set.,"Oakland, CA",CA,4,Local,View Details,https://member.usfencing.org/details/tournaments/13158,2026-10-06T03:42:57.424574Z
20,"Dec 13, 2026",2026-12-13,2026-12-13,FAOP North Div 2 & Unrated Foil Registration periods have not been set.,"Wyncote, PA",PA,5,Local,View Details,https://member.usfencing.org/details/tournaments/13242,2026-10-06T03:42:57.424612Z
20,"Dec 13, 2026",2026-12-13,2026-12-13,Freehold Fencing - Veteran Foil & Epee Registration periods have not been set.,"Freehold, NJ",NJ,5,Local,View Details,https://member.usfencing.org/details/tournaments/12498,2026-10-06T03:42:57.424649Z
20,"Dec 13, 2026",2026-12-13,2026-12-13,"Manchen Sunday CDT (Local Points), and Youth Foil Registration periods have not been set.","Whitehouse Station, NJ",NJ,5,Local,View Details,https://member.usfencing.org/details/tournaments/12531,2026-10-06T03:42:57.424687Z
21,"Dec 13, 2026",2026-12-13,2026-12-13,NYFA Youth Cup #2 Registration periods have not been set.,"Brooklyn, NY",NY,5,Local,View Details,https://member.usfencing.org/details/tournaments/12957,2026-10-06T03:42:58.366089Z
21,"Dec 13, 2026",2026-12-13,2026-12-13,RFC Youth Epee Registration periods have not been set.,"West Chester, PA",PA,5,Local,View Details,https://member.usfencing.org/details/tournaments/13243,2026-10-06T03:42:58.366151Z
21,"Dec 13, 2026",2026-12-13,2026-12-13,"SoCal Scholastic Fencing League NOVICE Foil, Epee & Saber Registration periods have not been set.","Westlake Village, CA",CA,4,Local,View Details,https://member.usfencing.org/details/tournaments/12935,2026-10-06T03:42:58.366197Z
21,"Dec 13, 2026",2026-12-13,2026-12-13,Wanglei Fencing December Super Cup: Y10/Y12/Cadet/Junior/Senior Registration periods have not been set.,"Plainsboro, NJ",NJ,5,Local,View Details,https://member.usfencing.org/details/tournaments/12941,2026-10-06T03:42:58.366240Z
21,"Dec 17, 2026",2026-12-17,2026-12-17,Bozeman Tournament Dec 17th Registration periods have not been set.,"Bozeman, MT",MT,1,Local,View Details,https://member.usfencing.org/details/tournaments/13197,2026-10-06T03:42:58.366280Z
21,"Dec 17, 2026",2026-12-17,2026-12-17,"Designated FIE Cadet World Cup - Indiv, Men’s Foil - Tbilisi Open registration closes on Nov 24.","Tbilisi, Georgia",,,Local,Register Now,https://member.usfencing.org/details/tournaments/12663,2026-10-06T03:42:58.366336Z
21,"Dec 17, 2026",2026-12-17,2026-12-17,"Designated FIE Cadet World Cup - Indiv, Women’s Foil - Tbilisi Open registration closes on Dec 1.","Tbilisi, Georgia",,,Local,Register Now,https://member.usfencing.org/details/tournaments/12667,2026-10-06T03:42:58.366380Z
21,"Dec 17, 2026",2026-12-17,2026-12-17,NJFA - Div. 3 and Y8-Y14 Foil Registration periods have not been set.,"Maplewood, NJ",NJ,5,Local,View Details,https://member.usfencing.org/details/tournaments/13063,2026-10-06T03:42:58.366425Z
21,"Dec 17, 2026",2026-12-17,2026-12-17,"Non-Designated FIE Cadet World Cup - Indiv, Men’s Saber Open registration closes on Nov 17.","Busan, South Korea",,,Local,Register Now,https://member.usfencing.org/details/tournaments/12790,2026-10-06T03:42:58.366469Z
21,"Dec 17, 2026",2026-12-17,2026-12-17,"Non-Designated FIE Cadet World Cup - Indiv, Women’s Saber Open registration closes on Nov 17.","Busan, South Korea",,,Local,Register Now,https://member.usfencing.org/details/tournaments/12809,2026-10-06T03:42:58.366510Z
21,"Dec 18, 2026",2026-12-18,2026-12-18,Freehold Fencing - December Cadet Foil Registration periods have not been set.,"Freehold, NJ",NJ,5,Local,View Details,https://member.usfencing.org/details/tournaments/12504,2026-10-06T03:42:58.366549Z
21,"Dec 18, 2026",2026-12-18,2026-12-18,"Non-Designated FIE Cadet World Cup - Indiv, Women’s Epee Open registration closes on Nov 17.","Burgos, Spain",,,Local,Register Now,https://member.usfencing.org/details/tournaments/12810,2026-10-06T03:42:58.366589Z
21,"Dec 18 - 20, 2026",2026-12-18,2026-12-20,Austin Challenge SYC and RCC Open registration closes on Dec 1.,"Round Rock Sports Center Round Rock, TX",TX,2,"SYC,RJCC",Register Now,https://member.usfencing.org/details/tournaments/12152,2026-10-06T03:42:58.366629Z
21,"Dec 18 - 20, 2026",2026-12-18,2026-12-20,"Designated FIE Junior World Cup - Indiv & Team, Men’s Foil - Tbilisi Open registration closes on Nov 24.","Tbilisi, Georgia",,,Local,Register Now,https://member.usfencing.org/details/tournaments/12677,2026-10-06T03:42:58.366671Z
21,"Dec 18 - 20, 2026",2026-12-18,2026-12-20,"Designated FIE Junior World Cup - Indiv & Team, Men’s Saber - Busan Open registration closes on Dec 1.","Busan, South Korea",,,Local,Register Now,https://member.usfencing.org/details/tournaments/12684,2026-10-06T03:42:58.366712Z
21,"Dec 18 - 20, 2026",2026-12-18,2026-12-20,"Designated FIE Junior World Cup - Indiv & Team, Women’s Foil - Tbilisi Open registration closes on Dec 1.","Tbilisi, Georgia",,,Local,Register Now,https://member.usfencing.org/details/tournaments/12689,2026-10-06T03:42:58.366752Z
21,"Dec 18 - 20, 2026",2026-12-18,2026-12-20,"Designated FIE Junior World Cup - Indiv & Team, Women’s Saber - Busan Open registration closes on Dec 1.","Busan, South Korea",,,Local,Register Now,https://member.usfencing.org/details/tournaments/12690,2026-10-06T03:42:58.366820Z
21,"Dec 18 - 20, 2026",2026-12-18,2026-12-20,"Fairfax Challenge ROC, RJCC, RYC Open registration closes on Nov 30.","Fredericksburg Convention Center Fredericksburg, VA",VA,5,"RYC,RJCC,ROC",Register Now,https://member.usfencing.org/details/tournaments/12154,2026-10-06T03:42:58.366863Z
21,"Dec 19, 2026",2026-12-19,2026-12-19,December Jackpot Epee Registration periods have not been set.,"Oklahoma City, OK",OK,2,Local,View Details,https://member.usfencing.org/details/tournaments/13332,2026-10-06T03:42:58.366902Z
21,"Dec 19, 2026",2026-12-19,2026-12-19,FAOP North Women's Unrated & Veteran Epee Registration periods have not been set.,"Wyncote, PA",PA,5,Local,View Details,https://member.usfencing.org/details/tournaments/13244,2026-10-06T03:42:58.366940Z
22,"Dec 19, 2026",2026-12-19,2026-12-19,FCMC Y12 Sabre Registration periods have not been set.,"Robbinsville, NJ",NJ,5,Local,View Details,https://member.usfencing.org/details/tournaments/12556,2026-10-06T03:42:59.414348Z
22,"Dec 19, 2026",2026-12-19,2026-12-19,OFA Progressive 2 Registration periods have not been set.,"Portland, OR",OR,1,Local,View Details,https://member.usfencing.org/details/tournaments/13388,2026-10-06T03:42:59.414410Z
22,"Dec 19, 2026",2026-12-19,2026-12-19,The Valhalla Qualifier Registration periods have not been set.,"Texas City, TX",TX,2,Local,View Details,https://member.usfencing.org/details/tournaments/13323,2026-10-06T03:42:59.414456Z
22,"Dec 19 - 20, 2026",2026-12-19,2026-12-20,3rd Annual GFA Win a Blade Registration periods have not been set.,"Tucson, AZ",AZ,4,Local,View Details,https://member.usfencing.org/details/tournaments/12995,2026-10-06T03:42:59.414499Z
22,"Dec 19 - 20, 2026",2026-12-19,2026-12-20,Boston Fencing Club RYC/RCC Open registration closes on Nov 30.,"Wheaton College Norton, MA",MA,6,"RYC,RJCC",Register Now,https://member.usfencing.org/details/tournaments/12150,2026-10-06T03:42:59.414541Z
22,"Dec 19 - 20, 2026",2026-12-19,2026-12-20,"Designated FIE Junior World Cup - Indiv & Team, Women’s Epee - Burgos Open registration closes on Dec 1.","Burgos, Spain",,,Local,Register Now,https://member.usfencing.org/details/tournaments/12691,2026-10-06T03:42:59.414586Z
22,"Dec 19 - 20, 2026",2026-12-19,2026-12-20,Midwest ROC/RJCC Open registration closes on Nov 30.,"Canlan Sports Liberyville Libertyville, IL",IL,2,"RJCC,ROC",Register Now,https://member.usfencing.org/details/tournaments/12148,2026-10-06T03:42:59.414628Z
22,"Dec 19 - 20, 2026",2026-12-19,2026-12-20,"Non-Designated EFC Cadet Event - Indiv , Men’s Epee Open registration closes on Nov 24.","Novi Sad, Serbia",,,Local,Register Now,https://member.usfencing.org/details/tournaments/12656,2026-10-06T03:42:59.414671Z
22,"Dec 19 - 20, 2026",2026-12-19,2026-12-20,"Non-Designated EFC Cadet Event - Indiv, Women’s Epee Open registration closes on Nov 24.","Novi Sad, Serbia",,,Local,Register Now,https://member.usfencing.org/details/tournaments/12661,2026-10-06T03:42:59.414711Z
22,"Dec 19 - 20, 2026",2026-12-19,2026-12-20,Salle Auriol Seattle RJCC Open registration closes on Dec 2.,"Salle Auriol Seattle Seattle, WA",WA,1,RJCC,Register Now,https://member.usfencing.org/details/tournaments/12146,2026-10-06T03:42:59.414750Z
22,"Dec 20, 2026",2026-12-20,2026-12-20,Durkan Sabre Cadet/Junior Cup #3 Registration periods have not been set.,"Ridgewood, NJ",NJ,5,Local,View Details,https://member.usfencing.org/details/tournaments/13320,2026-10-06T03:42:59.414821Z
22,"Dec 20, 2026",2026-12-20,2026-12-20,Escrimeur Sabre Cup 2026-2027 (4) Registration periods have not been set.,"East Brunswick, NJ",NJ,5,Local,View Details,https://member.usfencing.org/details/tournaments/13035,2026-10-06T03:42:59.414864Z
22,"Dec 20, 2026",2026-12-20,2026-12-20,Manchen Div 1 & JNR Foil *Local Points Event* Registration periods have not been set.,"Whitehouse Station, NJ",NJ,5,Local,View Details,https://member.usfencing.org/details/tournaments/12532,2026-10-06T03:42:59.414941Z
22,"Dec 20, 2026",2026-12-20,2026-12-20,Manchen Sunday Foil Open Registration periods have not been set.,"Whitehouse Station, NJ",NJ,5,Local,View Details,https://member.usfencing.org/details/tournaments/13428,2026-10-06T03:42:59.414984Z
22,"Dec 20, 2026",2026-12-20,2026-12-20,RFC Unrated & Adult Epee Registration periods have not been set.,"West Chester, PA",PA,5,Local,View Details,https://member.usfencing.org/details/tournaments/13245,2026-10-06T03:42:59.415025Z
22,"Dec 20, 2026",2026-12-20,2026-12-20,Senior Epee Registration periods have not been set.,"New York, NY",NY,5,Local,View Details,https://member.usfencing.org/details/tournaments/12616,2026-10-06T03:42:59.415065Z
22,"Dec 20, 2026",2026-12-20,2026-12-20,Y8/Y10/Y12/Y14 Epee Challenge at Arena (Sanctioned) Registration periods have not been set.,"Waldwick, NJ",NJ,5,Local,View Details,https://member.usfencing.org/details/tournaments/13358,2026-10-06T03:42:59.415107Z
22,"Dec 22, 2026",2026-12-22,2026-12-22,NJFA - Div. 3 and Y8-Y14 Foil Registration periods have not been set.,"Maplewood, NJ",NJ,5,Local,View Details,https://member.usfencing.org/details/tournaments/13064,2026-10-06T03:42:59.415147Z
22,"Dec 26, 2026",2026-12-26,2026-12-26,Sleigh Smackdown (Queens Fencing Club Div1A mixed saber/foil/epee) Registration periods have not been set.,"Forest Hills, NY",NY,5,Local,View Details,https://member.usfencing.org/details/tournaments/12595,2026-10-06T03:42:59.415185Z
23,"Dec 27, 2026",2026-12-27,2026-12-27,2026 Home for the Holidays Open Registration periods have not been set.,"Bellevue, WA",WA,1,Local,View Details,https://member.usfencing.org/details/tournaments/13023,2026-10-06T03:43:00.424110Z
23,"Dec 29, 2026",2026-12-29,2026-12-29,NJFA - Div. 3 and Y8-Y14 Epee Registration periods have not been set.,"Maplewood, NJ",NJ,5,Local,View Details,https://member.usfencing.org/details/tournaments/13065,2026-10-06T03:43:00.424173Z
23,"Dec 31, 2026",2026-12-31,2026-12-31,Queens Fencing New Years Cup (Y14 Saber/Foil/Epee) Registration periods have not been set.,"Forest Hills, NY",NY,5,Local,View Details,https://member.usfencing.org/details/tournaments/12932,2026-10-06T03:43:00.424219Z
23,"Jan 1, 2027",2027-01-01,2027-01-01,Jack Norton Hangover Registration periods have not been set.,,,,Local,View Details,https://member.usfencing.org/details/tournaments/12402,2026-10-06T03:43:00.424264Z
23,"Jan 1, 2027",2027-01-01,2027-01-01,NWFC New Year Open (Senior Foil & Epee) Registration periods have not been set.,"Tigard, OR",OR,1,Local,View Details,https://member.usfencing.org/details/tournaments/13398,2026-10-06T03:43:00.424305Z
23,"Jan 1 - 2, 2027",2027-01-01,2027-01-02,International Regional Circuit - Wuxi Open registration closes on Dec 4.,"Jiangyin Feima Water City Sports and Culture Hall : 江阴飞马水城文体馆 Wuxi, China",,,Local,Register Now,https://member.usfencing.org/details/tournaments/12974,2026-10-06T03:43:00.424349Z
23,"Jan 1 - 2, 2027",2027-01-01,2027-01-02,Queens Fencing New Years Cup (D1A Mixed & Vet Combined Saber/Foil/Epee) Registration periods have not been set.,"Forest Hills, NY",NY,5,Local,View Details,https://member.usfencing.org/details/tournaments/12931,2026-10-06T03:43:00.424392Z
23,"Jan 1 - 3, 2027",2027-01-01,2027-01-03,Neil Lazar Div1/Div2/Veteran ROC Open registration closes on Dec 6.,"University of Bridgeport - Wheeler Recreation Center Bridgeport, CT",CT,6,ROC,Register Now,https://member.usfencing.org/details/tournaments/12383,2026-10-06T03:43:00.424435Z
23,"Jan 2, 2027",2027-01-02,2027-01-02,Ataba Fencing Club January Challenge 1 Registration periods have not been set.,"Hartland, WI",WI,2,Local,View Details,https://member.usfencing.org/details/tournaments/12895,2026-10-06T03:43:00.424475Z
23,"Jan 2 - 3, 2027",2027-01-02,2027-01-03,5th Annual Winter Fence Off Registration periods have not been set.,"Orlando, FL",FL,3,Local,View Details,https://member.usfencing.org/details/tournaments/13395,2026-10-06T03:43:00.424515Z
23,"Jan 2 - 3, 2027",2027-01-02,2027-01-03,AIC Rising Stars Foil Tournament 3 Registration periods have not been set.,"Sterling, VA",VA,5,Local,View Details,https://member.usfencing.org/details/tournaments/12453,2026-10-06T03:43:00.424554Z
23,"Jan 2 - 3, 2027",2027-01-02,2027-01-03,Eminence Winter Open & Youth Tournament 2027 Registration periods have not been set.,"Lake Forest, IL",IL,2,Local,View Details,https://member.usfencing.org/details/tournaments/13174,2026-10-06T03:43:00.424592Z
23,"Jan 2 - 3, 2027",2027-01-02,2027-01-03,Supreme New Year Cup Registration periods have not been set.,"Tampa, FL",FL,3,Local,View Details,https://member.usfencing.org/details/tournaments/13355,2026-10-06T03:43:00.424630Z
23,"Jan 2 - 3, 2027",2027-01-02,2027-01-03,VAFC Epee Bash Registration periods have not been set.,"centreville, VA",VA,5,Local,View Details,https://member.usfencing.org/details/tournaments/12434,2026-10-06T03:43:00.424674Z
23,"Jan 3, 2027",2027-01-03,2027-01-03,FAOP North Unrated & Div 2 Foil Registration periods have not been set.,"Wyncote, PA",PA,5,Local,View Details,https://member.usfencing.org/details/tournaments/13246,2026-10-06T03:43:00.424718Z
23,"Jan 3, 2027",2027-01-03,2027-01-03,Youth Foil Registration periods have not been set.,"New York, NY",NY,5,Local,View Details,https://member.usfencing.org/details/tournaments/12618,2026-10-06T03:43:00.424777Z
23,"Jan 7, 2027",2027-01-07,2027-01-07,"Non-Designated FIE Cadet World Cup - Indiv, Men’s Foil Open registration closes on Dec 8.","Fujairah, United Arab Emirates",,,Local,Register Now,https://member.usfencing.org/details/tournaments/12791,2026-10-06T03:43:00.424831Z
23,"Jan 7, 2027",2027-01-07,2027-01-07,"Non-Designated FIE Cadet World Cup - Indiv, Men’s Saber Open registration closes on Dec 8.","New Delhi, India",,,Local,Register Now,https://member.usfencing.org/details/tournaments/12792,2026-10-06T03:43:00.424885Z
23,"Jan 7, 2027",2027-01-07,2027-01-07,"Non-Designated FIE Cadet World Cup - Indiv, Women’s Foil Open registration closes on Dec 8.","Fujairah, United Arab Emirates",,,Local,Register Now,https://member.usfencing.org/details/tournaments/12811,2026-10-06T03:43:00.424930Z
23,"Jan 7, 2027",2027-01-07,2027-01-07,"Non-Designated FIE Cadet World Cup - Indiv, Women’s Saber Open registration closes on Dec 8.","New Delhi, India",,,Local,Register Now,https://member.usfencing.org/details/tournaments/12812,2026-10-06T03:43:00.424972Z
24,"Jan 8, 2027",2027-01-08,2027-01-08,Bozeman Cup #2 Registration periods have not been set.,"Bozeman, MT",MT,1,Local,View Details,https://member.usfencing.org/details/tournaments/13198,2026-10-06T03:43:01.321641Z
24,"Jan 8, 2027",2027-01-08,2027-01-08,"Non-Designated FIE Cadet World Cup - Indiv, Men’s Epee Open registration closes on Dec 8.","Basel, Switzerland",,,Local,Register Now,https://member.usfencing.org/details/tournaments/12775,2026-10-06T03:43:01.321704Z
24,"Jan 8, 2027",2027-01-08,2027-01-08,"Non-Designated FIE Cadet World Cup - Indiv, Women’s Epee Open registration closes on Dec 8.","Udine, Italy",,,Local,Register Now,https://member.usfencing.org/details/tournaments/12813,2026-10-06T03:43:01.321753Z
24,"Jan 8 - 9, 2027",2027-01-08,2027-01-09,"Non-Designated FIE Junior World Cup - Indiv, Men’s Foil Open registration closes on Dec 8.","Fujairah, United Arab Emirates",,,Local,Register Now,https://member.usfencing.org/details/tournaments/12828,2026-10-06T03:43:01.321824Z
24,"Jan 8 - 9, 2027",2027-01-08,2027-01-09,"Non-Designated FIE Junior World Cup - Indiv, Men’s Saber Open registration closes on Dec 8.","New Delhi, India",,,Local,Register Now,https://member.usfencing.org/details/tournaments/12829,2026-10-06T03:43:01.321870Z
24,"Jan 8 - 9, 2027",2027-01-08,2027-01-09,"Non-Designated FIE Junior World Cup - Indiv, Women’s Foil Open registration closes on Dec 8.","Fujairah, United Arab Emirates",,,Local,Register Now,https://member.usfencing.org/details/tournaments/12818,2026-10-06T03:43:01.321913Z
24,"Jan 8 - 9, 2027",2027-01-08,2027-01-09,"Non-Designated FIE Junior World Cup - Indiv, Women’s Saber Open registration closes on Dec 8.","New Delhi, India",,,Local,Register Now,https://member.usfencing.org/details/tournaments/12837,2026-10-06T03:43:01.321961Z
24,"Jan 9, 2027",2027-01-09,2027-01-09,Cardinal Circuit January 2027 Registration periods have not been set.,"Sterling, VA",VA,5,Local,View Details,https://member.usfencing.org/details/tournaments/13420,2026-10-06T03:43:01.322003Z
24,"Jan 9, 2027",2027-01-09,2027-01-09,Dublin High School Invitational Registration periods have not been set.,"Dublin, OH",OH,3,Local,View Details,https://member.usfencing.org/details/tournaments/13137,2026-10-06T03:43:01.322043Z
24,"Jan 9, 2027",2027-01-09,2027-01-09,FAOP North Women's Unrated Foil Registration periods have not been set.,"Wyncote, PA",PA,5,Local,View Details,https://member.usfencing.org/details/tournaments/13260,2026-10-06T03:43:01.322081Z
24,"Jan 9, 2027",2027-01-09,2027-01-09,"Non-Designated FIE Junior World Cup - Indiv, Women’s Epee Open registration closes on Dec 8.","Udine, Italy",,,Local,Register Now,https://member.usfencing.org/details/tournaments/12838,2026-10-06T03:43:01.322121Z
24,"Jan 9, 2027",2027-01-09,2027-01-09,Salisbury Fencing C & Under Mixed Epee Registration periods have not been set.,"Snow Hill, MI",MI,3,Local,View Details,https://member.usfencing.org/details/tournaments/13179,2026-10-06T03:43:01.322162Z
24,"Jan 9 - 10, 2027",2027-01-09,2027-01-10,"Designated FIE Junior World Cup - Indiv & Team, Men’s Epee - Basel Open registration closes on Dec 8.","Basel, Switzerland",,,Local,Register Now,https://member.usfencing.org/details/tournaments/12678,2026-10-06T03:43:01.322203Z
24,"Jan 9 - 10, 2027",2027-01-09,2027-01-10,"Non-Designated EFC Cadet Event - Indiv, Men’s Saber Open registration closes on Dec 8.","Segovia, Spain",,,Local,Register Now,https://member.usfencing.org/details/tournaments/12743,2026-10-06T03:43:01.322244Z
24,"Jan 9 - 10, 2027",2027-01-09,2027-01-10,"Non-Designated EFC Cadet Event - Indiv, Women’s Saber Open registration closes on Dec 8.","Segovia, Spain",,,Local,Register Now,https://member.usfencing.org/details/tournaments/12770,2026-10-06T03:43:01.322288Z
24,"Jan 10, 2027",2027-01-10,2027-01-10,FAOP North Youth Foil Registration periods have not been set.,"Wyncote, PA",PA,5,Local,View Details,https://member.usfencing.org/details/tournaments/13248,2026-10-06T03:43:01.322328Z
24,"Jan 15 - 17, 2027",2027-01-15,2027-01-17,"Designated FIE Senior World Cup - Indiv & Team, Men’s Foil - Paris Open registration closes on Dec 15.","Paris, France",,,Local,Register Now,https://member.usfencing.org/details/tournaments/12707,2026-10-06T03:43:01.322369Z
24,"Jan 15 - 17, 2027",2027-01-15,2027-01-17,"Designated FIE Senior World Cup - Indiv & Team, Women’s Foil - Singapore Open registration closes on Dec 15.","Singapore, Singapore",,,Local,Register Now,https://member.usfencing.org/details/tournaments/12708,2026-10-06T03:43:01.322410Z
24,"Jan 15 - 17, 2027",2027-01-15,2027-01-17,"Designated Senior FIE Grand Prix - Indiv, Men’s Saber - Tunis Open registration closes on Dec 8.","Tunis, Tunisia",,,Local,Register Now,https://member.usfencing.org/details/tournaments/12723,2026-10-06T03:43:01.322450Z
24,"Jan 15 - 17, 2027",2027-01-15,2027-01-17,"Designated Senior FIE Grand Prix - Indiv, Women’s Saber - Tunis Open registration closes on Dec 8.","Tunis, Tunisia",,,Local,Register Now,https://member.usfencing.org/details/tournaments/12724,2026-10-06T03:43:01.322488Z
25,"Jan 16, 2027",2027-01-16,2027-01-16,FAOP North Women's Unrated Epee & Veteran Foil Registration periods have not been set.,"Wyncote, PA",PA,5,Local,View Details,https://member.usfencing.org/details/tournaments/13261,2026-10-06T03:43:02.307615Z
25,"Jan 16, 2027",2027-01-16,2027-01-16,Hoosier Cup - January Registration periods have not been set.,"Columbus, IN",IN,3,Local,View Details,https://member.usfencing.org/details/tournaments/12425,2026-10-06T03:43:02.307676Z
25,"Jan 16, 2027",2027-01-16,2027-01-16,QFC Saber/Foil/Epee - Name TBD Registration periods have not been set.,"Forest Hills, NY",NY,5,Local,View Details,https://member.usfencing.org/details/tournaments/12637,2026-10-06T03:43:02.307722Z
25,"Jan 16, 2027",2027-01-16,2027-01-16,WRA C and Under Registration periods have not been set.,"Hudson, OH",OH,3,Local,View Details,https://member.usfencing.org/details/tournaments/13207,2026-10-06T03:43:02.307785Z
25,"Jan 16 - 17, 2027",2027-01-16,2027-01-17,"Battle in Seattle Open registration closes on Jan 4, 2027.","Rain City Fencing Center Bellevue, WA",WA,1,Local,Register Now,https://member.usfencing.org/details/tournaments/12230,2026-10-06T03:43:02.307837Z
25,"Jan 16 - 17, 2027",2027-01-16,2027-01-17,"Designated EFC Cadet Event - Indiv & Team, Men’s Epee - Bratislava Open registration closes on Dec 22.","Bratislava, Slovakia",,,Local,Register Now,https://member.usfencing.org/details/tournaments/12651,2026-10-06T03:43:02.307884Z
25,"Jan 16 - 17, 2027",2027-01-16,2027-01-17,"Designated EFC Cadet Event - Indiv & Team, Women’s Epee - Bratislava Open registration closes on Dec 22.","Bratislava, Slovakia",,,Local,Register Now,https://member.usfencing.org/details/tournaments/12652,2026-10-06T03:43:02.307927Z
25,"Jan 16 - 17, 2027",2027-01-16,2027-01-17,Elite Cup RYC/RJCC Open registration closes on Dec 28.,"San Diego Convention Center - Hall D&E San Diego, CA",CA,4,"RYC,RJCC",Register Now,https://member.usfencing.org/details/tournaments/12232,2026-10-06T03:43:02.307969Z
25,"Jan 16 - 17, 2027",2027-01-16,2027-01-17,"Non-Designated EFC Cadet Event - Indiv, Men’s Saber Open registration closes on Dec 15.","Konin, Poland",,,Local,Register Now,https://member.usfencing.org/details/tournaments/12756,2026-10-06T03:43:02.308011Z
25,"Jan 16 - 17, 2027",2027-01-16,2027-01-17,"Non-Designated EFC Cadet Event - Indiv, Women’s Foil Open registration closes on Dec 15.","Poznan, Poland",,,Local,Register Now,https://member.usfencing.org/details/tournaments/12771,2026-10-06T03:43:02.308053Z
25,"Jan 16 - 17, 2027",2027-01-16,2027-01-17,"Non-Designated EFC Cadet Event - Indiv, Women’s Saber Open registration closes on Dec 15.","Konin, Poland",,,Local,Register Now,https://member.usfencing.org/details/tournaments/12772,2026-10-06T03:43:02.308094Z
25,"Jan 16 - 17, 2027",2027-01-16,2027-01-17,WINTER FCC OPEN & YOUTH TOURNAMENT Registration periods have not been set.,"Park Ridge, IL",IL,2,Local,View Details,https://member.usfencing.org/details/tournaments/12917,2026-10-06T03:43:02.308139Z
25,"Jan 16 - 18, 2027",2027-01-16,2027-01-18,Capitol Clash SYC/RCC & Y8 Open registration closes on Dec 14.,"Gaylord National Resort and Convention Center Oxon Hill, MD",MD,5,"SYC,RJCC",Register Now,https://member.usfencing.org/details/tournaments/12234,2026-10-06T03:43:02.308179Z
25,"Jan 17, 2027",2027-01-17,2027-01-17,IFC 2027 Winter Classic Registration periods have not been set.,"Noblesville, IN",IN,3,Local,View Details,https://member.usfencing.org/details/tournaments/12534,2026-10-06T03:43:02.308222Z
25,"Jan 17, 2027",2027-01-17,2027-01-17,RFC Unrated & Adult Epee Registration periods have not been set.,"West Chester, PA",PA,5,Local,View Details,https://member.usfencing.org/details/tournaments/13250,2026-10-06T03:43:02.308264Z
25,"Jan 21, 2027",2027-01-21,2027-01-21,"Designated FIE Cadet World Cup - Indiv, Men’s Saber - Plovdiv Open registration closes on Jan 12, 2027.","Plovdiv, Bulgaria",,,Local,Register Now,https://member.usfencing.org/details/tournaments/12665,2026-10-06T03:43:02.308310Z
25,"Jan 21, 2027",2027-01-21,2027-01-21,"Designated FIE Cadet World Cup - Indiv, Women’s Saber - Plovdiv Open registration closes on Jan 12, 2027.","Plovdiv, Bulgaria",,,Local,Register Now,https://member.usfencing.org/details/tournaments/12668,2026-10-06T03:43:02.308352Z
25,"Jan 21, 2027",2027-01-21,2027-01-21,"Non-Designated FIE Cadet World Cup - Indiv, Men’s Epee Open registration closes on Dec 22.","Cairo, Egypt",,,Local,Register Now,https://member.usfencing.org/details/tournaments/12793,2026-10-06T03:43:02.308392Z
25,"Jan 21, 2027",2027-01-21,2027-01-21,"Non-Designated FIE Cadet World Cup - Indiv, Women’s Epee Open registration closes on Dec 22.","Cairo, Egypt",,,Local,Register Now,https://member.usfencing.org/details/tournaments/12814,2026-10-06T03:43:02.308433Z
25,"Jan 22, 2027",2027-01-22,2027-01-22,"Non-Designated FIE Cadet World Cup - Indiv, Men’s Foil Open registration closes on Dec 22.","Rajgir, India",,,Local,Register Now,https://member.usfencing.org/details/tournaments/12794,2026-10-06T03:43:02.308472Z
26,"Jan 22, 2027",2027-01-22,2027-01-22,"Non-Designated FIE Cadet World Cup - Indiv, Women’s Foil Open registration closes on Dec 22.","Curitiba, Brazil",,,Local,Register Now,https://member.usfencing.org/details/tournaments/12815,2026-10-06T03:43:03.235579Z
26,"Jan 22 - 24, 2027",2027-01-22,2027-01-24,"Designated FIE Junior World Cup - Indiv & Team, Men’s Epee - Cairo Open registration closes on Dec 8.","Cairo, Egypt",,,Local,Register Now,https://member.usfencing.org/details/tournaments/12679,2026-10-06T03:43:03.235645Z
26,"Jan 22 - 24, 2027",2027-01-22,2027-01-24,"Designated FIE Junior World Cup - Indiv & Team, Men’s Saber - Plovdiv Open registration closes on Jan 12, 2027.","Plovdiv, Bulgaria",,,Local,Register Now,https://member.usfencing.org/details/tournaments/12685,2026-10-06T03:43:03.235695Z
26,"Jan 22 - 24, 2027",2027-01-22,2027-01-24,"Designated FIE Junior World Cup - Indiv & Team, Women’s Epee - Cairo Open registration closes on Dec 8.","Cairo, Egypt",,,Local,Register Now,https://member.usfencing.org/details/tournaments/12681,2026-10-06T03:43:03.235741Z
26,"Jan 22 - 24, 2027",2027-01-22,2027-01-24,"Designated FIE Junior World Cup - Indiv & Team, Women’s Saber - Plovdiv Open registration closes on Jan 12, 2027.","Plovdiv, Bulgaria",,,Local,Register Now,https://member.usfencing.org/details/tournaments/12692,2026-10-06T03:43:03.235817Z
26,"Jan 22 - 24, 2027",2027-01-22,2027-01-24,Skyward Fencing January Competition Registration periods have not been set.,"South Barrington, IL",IL,2,Local,View Details,https://member.usfencing.org/details/tournaments/13270,2026-10-06T03:43:03.235866Z
26,"Jan 23, 2027",2027-01-23,2027-01-23,Ataba Fencing Club January Challenge 2 Registration periods have not been set.,"Hartland, WI",WI,2,Local,View Details,https://member.usfencing.org/details/tournaments/12896,2026-10-06T03:43:03.235909Z
26,"Jan 23, 2027",2027-01-23,2027-01-23,NEUSFA C and Under Foil/Epee Registration periods have not been set.,,,,Local,View Details,https://member.usfencing.org/details/tournaments/12405,2026-10-06T03:43:03.235949Z
26,"Jan 23, 2027",2027-01-23,2027-01-23,"Non-Designated FIE Junior World Cup - Indiv, Women’s Foil Open registration closes on Dec 22.","Curitiba, Brazil",,,Local,Register Now,https://member.usfencing.org/details/tournaments/12839,2026-10-06T03:43:03.235990Z
26,"Jan 23, 2027",2027-01-23,2027-01-23,Old Man Winter Registration periods have not been set.,"Wilmington, NC",NC,3,Local,View Details,https://member.usfencing.org/details/tournaments/13431,2026-10-06T03:43:03.236030Z
26,"Jan 23, 2027",2027-01-23,2027-01-23,RFC Youth Epee Registration periods have not been set.,"West Chester, PA",PA,5,Local,View Details,https://member.usfencing.org/details/tournaments/13251,2026-10-06T03:43:03.236069Z
26,"Jan 23 - 24, 2027",2027-01-23,2027-01-24,GFA Desert Winter Challenge Registration periods have not been set.,"Tucson, AZ",AZ,4,Local,View Details,https://member.usfencing.org/details/tournaments/12997,2026-10-06T03:43:03.236106Z
26,"Jan 23 - 24, 2027",2027-01-23,2027-01-24,"Non-Designated EFC Cadet Event - Indiv, Men’s Epee Open registration closes on Dec 8.","Krakow, Poland",,,Local,Register Now,https://member.usfencing.org/details/tournaments/12755,2026-10-06T03:43:03.236146Z
26,"Jan 23 - 24, 2027",2027-01-23,2027-01-24,"Non-Designated EFC Cadet Event - Indiv, Women’s Epee Open registration closes on Dec 8.","Krakow, Poland",,,Local,Register Now,https://member.usfencing.org/details/tournaments/12769,2026-10-06T03:43:03.236185Z
26,"Jan 23 - 24, 2027",2027-01-23,2027-01-24,"Non-Designated FIE Junior World Cup - Indiv, Men’s Foil Open registration closes on Dec 22.","Rajgir, India",,,Local,Register Now,https://member.usfencing.org/details/tournaments/12680,2026-10-06T03:43:03.236229Z
26,"Jan 23 - 24, 2027",2027-01-23,2027-01-24,RCFC Youth #3 Registration periods have not been set.,"Bellevue, WA",WA,1,Local,View Details,https://member.usfencing.org/details/tournaments/13024,2026-10-06T03:43:03.236268Z
26,"Jan 24, 2027",2027-01-24,2027-01-24,Cadet Challenge Registration periods have not been set.,"Rockville, MD",MD,5,Local,View Details,https://member.usfencing.org/details/tournaments/12879,2026-10-06T03:43:03.236308Z
26,"Jan 24, 2027",2027-01-24,2027-01-24,EBFG Epee Registration periods have not been set.,"Oakland, CA",CA,4,Local,View Details,https://member.usfencing.org/details/tournaments/13159,2026-10-06T03:43:03.236348Z
26,"Jan 24, 2027",2027-01-24,2027-01-24,FAOP North Mixed Unrated & Open Epee Registration periods have not been set.,"Wyncote, PA",PA,5,Local,View Details,https://member.usfencing.org/details/tournaments/13252,2026-10-06T03:43:03.236386Z
26,"Jan 24, 2027",2027-01-24,2027-01-24,Longhorn Invitational Registration periods have not been set.,"Rocky River, OH",OH,3,Local,View Details,https://member.usfencing.org/details/tournaments/12885,2026-10-06T03:43:03.236423Z
27,"Jan 24, 2027",2027-01-24,2027-01-24,Manhattan Fencing Center Foil Liberty Cup Registration periods have not been set.,"New York, NY",NY,5,Local,View Details,https://member.usfencing.org/details/tournaments/12569,2026-10-06T03:43:04.674225Z
27,"Jan 24, 2027",2027-01-24,2027-01-24,Swashbucklers Challenge 2027 Registration periods have not been set.,"Houston, TX",TX,2,Local,View Details,https://member.usfencing.org/details/tournaments/12905,2026-10-06T03:43:04.674287Z
27,"Jan 24, 2027",2027-01-24,2027-01-24,The Line Youth & Div 3 Sabre Registration periods have not been set.,"Havertown, PA",PA,5,Local,View Details,https://member.usfencing.org/details/tournaments/13253,2026-10-06T03:43:04.674333Z
27,"Jan 24, 2027",2027-01-24,2027-01-24,Vet Cup Registration periods have not been set.,"New York, NY",NY,5,Local,View Details,https://member.usfencing.org/details/tournaments/12619,2026-10-06T03:43:04.674380Z
27,"Jan 28 - 31, 2027",2027-01-28,2027-01-31,"Designated FIE Senior World Cup - Indiv & Team, Men’s Saber - Tashkent Open registration closes on Jan 19, 2027.","Tashkent, Uzbekistan",,,Local,Register Now,https://member.usfencing.org/details/tournaments/12715,2026-10-06T03:43:04.674429Z
27,"Jan 28 - 31, 2027",2027-01-28,2027-01-31,"Designated FIE Senior World Cup - Indiv & Team, Women’s Saber - Tashkent Open registration closes on Jan 19, 2027.","Tashkent, Uzbekistan",,,Local,Register Now,https://member.usfencing.org/details/tournaments/12719,2026-10-06T03:43:04.674474Z
27,"Jan 29, 2027",2027-01-29,2027-01-29,RCFC E & Under Foil #1 Registration periods have not been set.,"Bellevue, WA",WA,1,Local,View Details,https://member.usfencing.org/details/tournaments/13025,2026-10-06T03:43:04.674515Z
27,"Jan 29 - 31, 2027",2027-01-29,2027-01-31,"Battle At The Beach 5 Open registration closes on Jan 4, 2027.","DUVAL HALL (Greater Jacksonville Agricultural Fair and Expo Center) Jacksonville, FL",FL,3,Local,Register Now,https://member.usfencing.org/details/tournaments/12241,2026-10-06T03:43:04.674556Z
27,"Jan 29 - 31, 2027",2027-01-29,2027-01-31,"Designated Senior FIE Grand Prix - Indiv, Men’s Epee - Doha Open registration closes on Jan 12, 2027.","Doha, Qatar",,,Local,Register Now,https://member.usfencing.org/details/tournaments/12730,2026-10-06T03:43:04.674597Z
27,"Jan 29 - 31, 2027",2027-01-29,2027-01-31,"Designated Senior FIE Grand Prix - Indiv, Women’s Epee - Doha Open registration closes on Jan 12, 2027.","Doha, Qatar",,,Local,Register Now,https://member.usfencing.org/details/tournaments/12736,2026-10-06T03:43:04.674636Z
27,"Jan 29 - 31, 2027",2027-01-29,2027-01-31,NorCal Youth: Treasure Chest 2027 Registration periods have not been set.,"San Francisco, CA",CA,4,Local,View Details,https://member.usfencing.org/details/tournaments/13155,2026-10-06T03:43:04.674675Z
27,"Jan 30, 2027",2027-01-30,2027-01-30,Capital Czajkowski Cup #2 Registration periods have not been set.,,,,Local,View Details,https://member.usfencing.org/details/tournaments/13115,2026-10-06T03:43:04.674713Z
27,"Jan 30, 2027",2027-01-30,2027-01-30,PFC Youth Epee Registration periods have not been set.,"Philadelphia, PA",PA,5,Local,View Details,https://member.usfencing.org/details/tournaments/13254,2026-10-06T03:43:04.674751Z
27,"Jan 30, 2027",2027-01-30,2027-01-30,QFC Foil - Name TBD Registration periods have not been set.,"Forest Hills, NY",NY,5,Local,View Details,https://member.usfencing.org/details/tournaments/12639,2026-10-06T03:43:04.674818Z
27,"Jan 30 - 31, 2027",2027-01-30,2027-01-31,16th Annual Olympian Open Registration periods have not been set.,"San Antonio, TX",TX,2,Local,View Details,https://member.usfencing.org/details/tournaments/13175,2026-10-06T03:43:04.674860Z
27,"Jan 30 - 31, 2027",2027-01-30,2027-01-31,"Non-Designated EFC Cadet Event - Indiv, Men’s Foil Open registration closes on Dec 22.","Sofia, Bulgaria",,,Local,Register Now,https://member.usfencing.org/details/tournaments/12757,2026-10-06T03:43:04.674902Z
27,"Jan 30 - 31, 2027",2027-01-30,2027-01-31,"Non-Designated EFC Cadet Event - Indiv, Men’s Saber Open registration closes on Dec 22.","Prague, Czech Republic",,,Local,Register Now,https://member.usfencing.org/details/tournaments/12758,2026-10-06T03:43:04.674943Z
27,"Jan 30 - 31, 2027",2027-01-30,2027-01-31,"Non-Designated EFC Cadet Event - Indiv, Women’s Foil Open registration closes on Dec 22.","Sofia, Bulgaria",,,Local,Register Now,https://member.usfencing.org/details/tournaments/12773,2026-10-06T03:43:04.674985Z
27,"Jan 30 - 31, 2027",2027-01-30,2027-01-31,"Non-Designated EFC Cadet Event - Indiv, Women’s Saber Open registration closes on Dec 22.","Prague, Czech Republic",,,Local,Register Now,https://member.usfencing.org/details/tournaments/12774,2026-10-06T03:43:04.675025Z
27,"Jan 30 - 31, 2027",2027-01-30,2027-01-31,"Salle Auriol Seattle RYC Open registration closes on Jan 13, 2027.","Salle Auriol Seattle Seattle, WA",WA,1,RYC,Register Now,https://member.usfencing.org/details/tournaments/12236,2026-10-06T03:43:04.675065Z
28,"Jan 30 - 31, 2027",2027-01-30,2027-01-31,"Wildcat SYC/RCC Open registration closes on Jan 4, 2027.","Canlan Sports - Libertyville Libertyville, IL",IL,2,"SYC,RJCC",Register Now,https://member.usfencing.org/details/tournaments/12238,2026-10-06T03:43:05.514209Z
28,"Jan 31, 2027",2027-01-31,2027-01-31,Capital Fencing Academy Musketeer Circuit #2 Registration periods have not been set.,,,,Local,View Details,https://member.usfencing.org/details/tournaments/13119,2026-10-06T03:43:05.514274Z
28,"Jan 31, 2027",2027-01-31,2027-01-31,Champagne Challenge Registration periods have not been set.,"Rockville, MD",MD,5,Local,View Details,https://member.usfencing.org/details/tournaments/12880,2026-10-06T03:43:05.514321Z
28,"Jan 31, 2027",2027-01-31,2027-01-31,FAOP North Div 2 & Unrated Foil Registration periods have not been set.,"Wyncote, PA",PA,5,Local,View Details,https://member.usfencing.org/details/tournaments/13255,2026-10-06T03:43:05.514366Z
28,"Jan 31, 2027",2027-01-31,2027-01-31,NEUSFA Tom Gorman Beanpot Open Registration periods have not been set.,MA,,,Local,View Details,https://member.usfencing.org/details/tournaments/12989,2026-10-06T03:43:05.514407Z
28,"Jan 31, 2027",2027-01-31,2027-01-31,Senior Epee Registration periods have not been set.,"New York, NY",NY,5,Local,View Details,https://member.usfencing.org/details/tournaments/12620,2026-10-06T03:43:05.514446Z
28,"Jan 31, 2027",2027-01-31,2027-01-31,SoCal Scholastic League HIGH SCHOOL Individual Epee/Saber #2 Registration periods have not been set.,"Westlake Village, CA",CA,4,Local,View Details,https://member.usfencing.org/details/tournaments/12923,2026-10-06T03:43:05.514485Z
28,"Feb 5, 2027",2027-02-05,2027-02-05,AFC Friday Night Fencing Registration periods have not been set.,"Augusta, GA",GA,3,Local,View Details,https://member.usfencing.org/details/tournaments/12486,2026-10-06T03:43:05.514532Z
28,"Feb 5 - 7, 2027",2027-02-05,2027-02-07,"Miles Chamley-Watson Cup RYC/RJCC/ROC Open registration closes on Jan 8, 2027.","Rhode Island Convention Center Providence, RI",RI,6,"RYC,RJCC,ROC",Register Now,https://member.usfencing.org/details/tournaments/12243,2026-10-06T03:43:05.514573Z
28,"Feb 5 - 7, 2027",2027-02-05,2027-02-07,"Queen City Cup Y8/RYC/RJCC Open registration closes on Jan 22, 2027.","Liberty Center Liberty Township, OH",OH,3,"RYC,RJCC",Register Now,https://member.usfencing.org/details/tournaments/12380,2026-10-06T03:43:05.514612Z
28,"Feb 5 - 7, 2027",2027-02-05,2027-02-07,Skyward Fencing Point for the Heart Competition Registration periods have not been set.,"South Barrington, IL",IL,2,Local,View Details,https://member.usfencing.org/details/tournaments/13275,2026-10-06T03:43:05.514650Z
28,"Feb 6, 2027",2027-02-06,2027-02-06,2027 RCFC Winter Open Registration periods have not been set.,"Bellevue, WA",WA,1,Local,View Details,https://member.usfencing.org/details/tournaments/13026,2026-10-06T03:43:05.514692Z
28,"Feb 6, 2027",2027-02-06,2027-02-06,RFC Youth Epee Registration periods have not been set.,"West Chester, PA",PA,5,Local,View Details,https://member.usfencing.org/details/tournaments/13256,2026-10-06T03:43:05.514732Z
28,"Feb 6, 2027",2027-02-06,2027-02-06,Salisbury Fencing Mixed Open Epee Registration periods have not been set.,"Snow Hill, MD",MD,5,Local,View Details,https://member.usfencing.org/details/tournaments/13180,2026-10-06T03:43:05.514791Z
28,"Feb 6 - 7, 2027",2027-02-06,2027-02-07,"USF Green and Gold RYC Open registration closes on Jan 22, 2027.","USF Recreation and Wellness Center - East Gym Tampa, FL",FL,3,RYC,Register Now,https://member.usfencing.org/details/tournaments/12253,2026-10-06T03:43:05.514837Z
28,"Feb 7, 2027",2027-02-07,2027-02-07,Division II Registration periods have not been set.,"New York, NY",NY,5,Local,View Details,https://member.usfencing.org/details/tournaments/12621,2026-10-06T03:43:05.514877Z
28,"Feb 7, 2027",2027-02-07,2027-02-07,FAOP North Youth Foil Registration periods have not been set.,"Wyncote, PA",PA,5,Local,View Details,https://member.usfencing.org/details/tournaments/13257,2026-10-06T03:43:05.514917Z
28,"Feb 7, 2027",2027-02-07,2027-02-07,NIFC Lunar New Year 2 Weapon Open Registration periods have not been set.,"St John, IN",IN,3,Local,View Details,https://member.usfencing.org/details/tournaments/12589,2026-10-06T03:43:05.514956Z
28,"Feb 13, 2027",2027-02-13,2027-02-13,FAOP North Women's Unrated Epee Registration periods have not been set.,"Wyncote, PA",PA,5,Local,View Details,https://member.usfencing.org/details/tournaments/13258,2026-10-06T03:43:05.514994Z
28,"Feb 13, 2027",2027-02-13,2027-02-13,Heartbreaker Open 2027 (D1A Saber/Foil/Epee) Registration periods have not been set.,"Forest Hills, NY",NY,5,Local,View Details,https://member.usfencing.org/details/tournaments/12638,2026-10-06T03:43:05.515032Z
29,"Feb 13, 2027",2027-02-13,2027-02-13,OFA Progressive 3 Registration periods have not been set.,"Portland, OR",OR,1,Local,View Details,https://member.usfencing.org/details/tournaments/13389,2026-10-06T03:43:06.384588Z
29,"Feb 14, 2027",2027-02-14,2027-02-14,FAOP North Open Epee Registration periods have not been set.,"Wyncote, PA",PA,5,Local,View Details,https://member.usfencing.org/details/tournaments/13259,2026-10-06T03:43:06.384651Z
29,"Feb 18 - 20, 2027",2027-02-18,2027-02-20,"Designated FIE Senior World Cup - Indiv & Team, Men’s Epee - Heidenheim Open registration closes on Feb 2, 2027.","Heidenheim, Germany",,,Local,Register Now,https://member.usfencing.org/details/tournaments/12716,2026-10-06T03:43:06.384703Z
29,"Feb 19, 2027",2027-02-19,2027-02-19,Bozeman Cup #3 Registration periods have not been set.,"Bozeman, MT",MT,1,Local,View Details,https://member.usfencing.org/details/tournaments/13199,2026-10-06T03:43:06.384748Z
29,"Feb 19 - 21, 2027",2027-02-19,2027-02-21,"Designated FIE Senior World Cup - Indiv & Team, Men’s Saber - Padua Open registration closes on Feb 2, 2027.","Padua, Italy",,,Local,Register Now,https://member.usfencing.org/details/tournaments/12717,2026-10-06T03:43:06.384818Z
29,"Feb 19 - 21, 2027",2027-02-19,2027-02-21,"Designated FIE Senior World Cup - Indiv & Team, Women’s Epee - Rio de Janeiro Open registration closes on Feb 2, 2027.","Rio de Janeiro, Brazil",,,Local,Register Now,https://member.usfencing.org/details/tournaments/12720,2026-10-06T03:43:06.384866Z
29,"Feb 19 - 21, 2027",2027-02-19,2027-02-21,"Designated FIE Senior World Cup - Indiv & Team, Women’s Saber - Athens Open registration closes on Feb 2, 2027.","Athens, Greece",,,Local,Register Now,https://member.usfencing.org/details/tournaments/12721,2026-10-06T03:43:06.384909Z
29,"Feb 20, 2027",2027-02-20,2027-02-20,Brash Invitational 2027 with Houston Sword Sports Registration periods have not been set.,"Houston, TX",TX,2,Local,View Details,https://member.usfencing.org/details/tournaments/12440,2026-10-06T03:43:06.384950Z
29,"Feb 20, 2027",2027-02-20,2027-02-20,February Frostbite Frenzy Registration periods have not been set.,"Memphis, TN",TN,3,Local,View Details,https://member.usfencing.org/details/tournaments/12396,2026-10-06T03:43:06.384990Z
29,"Feb 20, 2027",2027-02-20,2027-02-20,Youth Saber Challenge Registration periods have not been set.,"Rockville, MD",MD,5,Local,View Details,https://member.usfencing.org/details/tournaments/12881,2026-10-06T03:43:06.385029Z
29,"Feb 20 - 21, 2027",2027-02-20,2027-02-21,8th Annual Connor Porter Memorial Tournament (3 Weapons) Registration periods have not been set.,"Orlando, FL",FL,3,Local,View Details,https://member.usfencing.org/details/tournaments/13392,2026-10-06T03:43:06.385078Z
29,"Feb 20 - 21, 2027",2027-02-20,2027-02-21,Conomikes / Gutenburg Memorial Tournament Registration periods have not been set.,"Fairfax, VA",VA,5,Local,View Details,https://member.usfencing.org/details/tournaments/12419,2026-10-06T03:43:06.385116Z
29,"Feb 20 - 21, 2027",2027-02-20,2027-02-21,"Motor City RJCC/RYC Open registration closes on Feb 1, 2027.","Elite Sportsplex Waterford, MI",MI,3,"RYC,RJCC",Register Now,https://member.usfencing.org/details/tournaments/12257,2026-10-06T03:43:06.385154Z
29,"Feb 21, 2027",2027-02-21,2027-02-21,Avant-Garde Saber Cup Registration periods have not been set.,"Los Angeles, CA",CA,4,Local,View Details,https://member.usfencing.org/details/tournaments/12597,2026-10-06T03:43:06.385200Z
29,"Feb 21, 2027",2027-02-21,2027-02-21,NYFA Youth Cup #3 Registration periods have not been set.,"Brooklyn, NY",NY,5,Local,View Details,https://member.usfencing.org/details/tournaments/12958,2026-10-06T03:43:06.385238Z
29,"Feb 21, 2027",2027-02-21,2027-02-21,Precciozzi‘s Gauntlet 2027 Registration periods have not been set.,"Houston, TX",TX,2,Local,View Details,https://member.usfencing.org/details/tournaments/12906,2026-10-06T03:43:06.385279Z
29,"Feb 21, 2027",2027-02-21,2027-02-21,SoCal Scholastic Fencing League Individual Foil #2 Registration periods have not been set.,"Westlake Village, CA",CA,4,Local,View Details,https://member.usfencing.org/details/tournaments/12924,2026-10-06T03:43:06.385320Z
29,"Feb 21, 2027",2027-02-21,2027-02-21,Youth Epee Challenge Registration periods have not been set.,"Rockville, MD",MD,5,Local,View Details,https://member.usfencing.org/details/tournaments/12882,2026-10-06T03:43:06.385363Z
29,"Feb 21, 2027",2027-02-21,2027-02-21,Youth Foil Registration periods have not been set.,"New York, NY",NY,5,Local,View Details,https://member.usfencing.org/details/tournaments/12622,2026-10-06T03:43:06.385403Z
29,"Feb 26 - 28, 2027",2027-02-26,2027-02-28,"Designated Senior FIE Grand Prix - Indiv, Men’s Foil - Turin Open registration closes on Jan 19, 2027.","Turin, Italy",,,Local,Register Now,https://member.usfencing.org/details/tournaments/12725,2026-10-06T03:43:06.385451Z
30,"Feb 26 - 28, 2027",2027-02-26,2027-02-28,"Designated Senior FIE Grand Prix - Indiv, Women’s Foil - Turin Open registration closes on Jan 19, 2027.","Turin, Italy",,,Local,Register Now,https://member.usfencing.org/details/tournaments/12726,2026-10-06T03:43:07.256091Z
30,"Feb 26 - 28, 2027",2027-02-26,2027-02-28,"Duel of the East Coast ROC/RJCC/RYC Open registration closes on Feb 8, 2027.","Greater Philadelphia Expo Center - Hall B Phoenixville, PA",PA,5,"RYC,RJCC,ROC",Register Now,https://member.usfencing.org/details/tournaments/12261,2026-10-06T03:43:07.256156Z
30,"Feb 26 - 28, 2027",2027-02-26,2027-02-28,"Team.K Open registration closes on Feb 1, 2027.","LA County Convention Center (Fairplex) Pomona, CA",CA,4,Local,Register Now,https://member.usfencing.org/details/tournaments/12218,2026-10-06T03:43:07.256203Z
30,"Feb 27, 2027",2027-02-27,2027-02-27,Ataba Fencing Club February Challenge Registration periods have not been set.,"Hartland, WI",WI,2,Local,View Details,https://member.usfencing.org/details/tournaments/12897,2026-10-06T03:43:07.256248Z
30,"Feb 27, 2027",2027-02-27,2027-02-27,Lynn Krupey Memorial Iron Maiden Registration periods have not been set.,"Wilmington, NC",NC,3,Local,View Details,https://member.usfencing.org/details/tournaments/13430,2026-10-06T03:43:07.256291Z
30,"Feb 27, 2027",2027-02-27,2027-02-27,QFC Saber/Foil/Epee - Name TBD Registration periods have not been set.,"Forest Hills, NY",NY,5,Local,View Details,https://member.usfencing.org/details/tournaments/12640,2026-10-06T03:43:07.256332Z
30,"Feb 27 - 28, 2027",2027-02-27,2027-02-28,FEBRUARY FCC OPEN & YOUTH TOURNAMENT Registration periods have not been set.,"Park Ridge, IL",IL,2,Local,View Details,https://member.usfencing.org/details/tournaments/12918,2026-10-06T03:43:07.256372Z
30,"Mar 6, 2027",2027-03-06,2027-03-06,Salisbury Fencing Unrated Mixed Epee / Mixed Y-12 Epee Registration periods have not been set.,"Snow Hill, MD",MD,5,Local,View Details,https://member.usfencing.org/details/tournaments/13181,2026-10-06T03:43:07.256412Z
30,"Mar 7, 2027",2027-03-07,2027-03-07,Chapman Invitational HS Only Registration periods have not been set.,"Hudson, OH",OH,3,Local,View Details,https://member.usfencing.org/details/tournaments/13209,2026-10-06T03:43:07.256451Z
30,"Mar 7, 2027",2027-03-07,2027-03-07,Junior and Cadet Epee Registration periods have not been set.,"New York, NY",NY,5,Local,View Details,https://member.usfencing.org/details/tournaments/12623,2026-10-06T03:43:07.256489Z
30,"Mar 11 - 14, 2027",2027-03-11,2027-03-14,"Designated FIE Senior World Cup - Indiv & Team, Men’s Foil - Istanbul Open registration closes on Feb 16, 2027.",Istanbul,,,Local,Register Now,https://member.usfencing.org/details/tournaments/12709,2026-10-06T03:43:07.256531Z
30,"Mar 11 - 14, 2027",2027-03-11,2027-03-14,"Designated FIE Senior World Cup - Indiv & Team, Women’s Foil - Istanbul Open registration closes on Mar 2, 2027.",Istanbul,,,Local,Register Now,https://member.usfencing.org/details/tournaments/12722,2026-10-06T03:43:07.256574Z
30,"Mar 12, 2027",2027-03-12,2027-03-12,RCFC E & Under Epee #1 Registration periods have not been set.,"Bellevue, WA",WA,1,Local,View Details,https://member.usfencing.org/details/tournaments/13027,2026-10-06T03:43:07.256613Z
30,"Mar 12 - 14, 2027",2027-03-12,2027-03-14,"Designated Senior FIE Grand Prix - Indiv, Men’s Epee - Budapest Open registration closes on Feb 23, 2027.","Budapest, Hungary",,,Local,Register Now,https://member.usfencing.org/details/tournaments/12731,2026-10-06T03:43:07.256653Z
30,"Mar 12 - 14, 2027",2027-03-12,2027-03-14,"Designated Senior FIE Grand Prix - Indiv, Women’s Epee - Budapest Open registration closes on Feb 23, 2027.","Budapest, Hungary",,,Local,Register Now,https://member.usfencing.org/details/tournaments/12737,2026-10-06T03:43:07.256694Z
30,"Mar 12 - 14, 2027",2027-03-12,2027-03-14,"Mary Rafanelli RYC/RJCC Open registration closes on Feb 18, 2027.","Pasadena Convention Center Pasadena, CA",CA,4,"RYC,RJCC",Register Now,https://member.usfencing.org/details/tournaments/12303,2026-10-06T03:43:07.256734Z
30,"Mar 13, 2027",2027-03-13,2027-03-13,QFC Saber/Foil/Epee - Name TBD Registration periods have not been set.,"Forest Hills, NY",NY,5,Local,View Details,https://member.usfencing.org/details/tournaments/12641,2026-10-06T03:43:07.256795Z
30,"Mar 13, 2027",2027-03-13,2027-03-13,RMSA/RYF All You Can Fence Registration periods have not been set.,"ROCHESTER, MN",MN,2,Local,View Details,https://member.usfencing.org/details/tournaments/13171,2026-10-06T03:43:07.256841Z
30,"Mar 13 - 14, 2027",2027-03-13,2027-03-14,"Cherry Blossom - D1A/VET Open registration closes on Mar 1, 2027.","University of Maryland Reckord Armory College Park, MD",MD,5,Local,Register Now,https://member.usfencing.org/details/tournaments/12267,2026-10-06T03:43:07.256881Z
30,"Mar 13 - 14, 2027",2027-03-13,2027-03-14,ELITE Challenge Registration periods have not been set.,"Springfield, VA",VA,5,Local,View Details,https://member.usfencing.org/details/tournaments/12600,2026-10-06T03:43:07.256919Z
